"plate","well","position","nuc.ac.nr","dnaconcngpmicl","dnatoadd","watertoadd","dilconcngpµl","totalngdna","totalvol","absratio","TissCode","extractby"
1,"A1",1,262,-41,6,0,-41,-246,6,1.6429,"MW","JXD"
1,"B1",2,465,-21,6,0,-21,-126,6,-4.75,"MW","JAJ"
1,"C1",3,884,-3,6,0,-3,-18,6,-1.2647,"WB","JXD"
1,"D1",4,617,0,6,0,0,0,6,1.4444,"MW","JXD"
1,"E1",5,1223,1,6,0,1,6,6,-10.19,"WB","EAP"
1,"F1",6,654,1,6,0,1,6,6,1.127,"MW","EAP"
1,"G1",7,421,1,6,0,1,6,6,0.83,"WB","JAJ"
1,"H1",8,606,2,6,0,2,12,6,1.1739,"MW","JXD"
1,"A2",9,278,2,6,0,2,12,6,0.7968,"MW","JAJ"
1,"B2",10,471,2,6,0,2,12,6,1.34,"WB","JAJ"
1,"C2",11,529,2,6,0,2,12,6,0.88,"WB","JAJ"
1,"D2",12,183,2,6,0,2,12,6,2.5,"WB","JAJ"
1,"E2",13,1791,3,6,0,3,18,6,1.62,"WB","EAP"
1,"F2",14,750,3,6,0,3,18,6,0.8717,"MW","JXD"
1,"G2",15,321,3,6,0,3,18,6,1.5455,"MW","JAJ"
1,"H2",16,815,3,6,0,3,18,6,1.2745,"MW","JXD"
1,"A3",17,325,3,6,0,3,18,6,11,"MW","JAJ"
1,"B3",18,827,3,6,0,3,18,6,1.9063,"MW","JXD"
1,"C3",19,834,3,6,0,3,18,6,1.3483,"MW","JXD"
1,"D3",20,1097,3,6,0,3,18,6,1.4706,"WB","JXD"
1,"E3",21,1771,3,6,0,3,18,6,2.49,"WB","EAP"
1,"F3",22,387,3,6,0,3,18,6,1.093,"MW","JAJ"
1,"G3",23,701,3,6,0,3,18,6,3.6667,"WB","EAP"
1,"H3",24,619,3,6,0,3,18,6,1.2426,"MW","JXD"
1,"A4",25,508,3,6,0,3,18,6,1.8182,"WB","JAJ"
1,"B4",26,832,4,6,0,4,24,6,1.3486,"MW","JXD"
1,"C4",27,637,4,6,0,4,24,6,1.1518,"MW","JXD"
1,"D4",28,532,4,6,0,4,24,6,1.24,"WB","JAJ"
1,"E4",29,407,4,6,0,4,24,6,1.3636,"MW","JAJ"
1,"F4",30,618,4,6,0,4,24,6,1.8235,"MW","JXD"
1,"G4",31,376,4,6,0,4,24,6,1.45,"MW","JAJ"
1,"H4",32,1358,4,6,0,4,24,6,1.36,"MW","EAP"
1,"A5",33,499,4,6,0,4,24,6,2.125,"WB","JAJ"
1,"B5",34,1690,4,6,0,4,24,6,1.64,"WB","EAP"
1,"C5",35,482,5,6,0,5,30,6,1.1633,"MW","JAJ"
1,"D5",36,647,5,6,0,5,30,6,1.329,"MW","JXD"
1,"E5",37,1263,5,6,0,5,30,6,1.97,"WB","EAP"
1,"F5",38,419,5,6,0,5,30,6,1.3548,"MW","JAJ"
1,"G5",39,579,5,6,0,5,30,6,1.7826,"MW","EAP"
1,"H5",40,1270,5,6,0,5,30,6,1.98,"WB","EAP"
1,"A6",41,401,5,6,0,5,30,6,1.2973,"MW","JAJ"
1,"B6",42,318,5,6,0,5,30,6,2.3333,"WB","JAJ"
1,"C6",43,420,5,6,0,5,30,6,1.2895,"MW","JAJ"
1,"D6",44,398,6,6,0,6,36,6,1.2292,"MW","JAJ"
1,"E6",45,666,6,6,0,6,36,6,2.1923,"MW","JXD"
1,"F6",46,415,6,6,0,6,36,6,1.52,"MW","JAJ"
1,"G6",47,290,6,6,0,6,36,6,1.31,"MW","JAJ"
1,"H6",48,412,6,6,0,6,36,6,1.4194,"MW","JAJ"
1,"A7",49,663,6,6,0,6,36,6,1.9524,"MW","EAP"
1,"B7",50,1171,6,6,0,6,36,6,2.63,"MW","EAP"
1,"C7",51,333,6,6,0,6,36,6,1.3421,"MW","JAJ"
1,"D7",52,1377,6,6,0,6,36,6,2.84,"WB","EAP"
1,"E7",53,403,6,6,0,6,36,6,1.24,"MW","JAJ"
1,"F7",54,616,6,6,0,6,36,6,1.3859,"MW","JXD"
1,"G7",55,531,7,6,0,7,42,6,1.52,"WB","JAJ"
1,"H7",56,835,7,6,0,7,42,6,1.6,"MW","JXD"
1,"A8",57,733,7,6,0,7,42,6,1.3074,"MW","JXD"
1,"B8",58,353,7,6,0,7,42,6,2,"MW","JAJ"
1,"C8",59,991,7,6,0,7,42,6,1.93,"WB","ALG"
1,"D8",60,1473,7,6,0,7,42,6,1.41,"MW","EAP"
1,"E8",61,426,7,6,0,7,42,6,1.2222,"MW","JAJ"
1,"F8",62,396,7,6,0,7,42,6,1.2727,"MW","JAJ"
1,"G8",63,324,7,6,0,7,42,6,1.6957,"MW","JAJ"
1,"H8",64,273,8,6,0,8,48,6,1.4595,"MW","JAJ"
1,"A9",65,1277,8,6,0,8,48,6,0.93,"WB","EAP"
1,"B9",66,334,8,6,0,8,48,6,2,"MW","JAJ"
1,"C9",67,344,8,6,0,8,48,6,1.5143,"MW","JAJ"
1,"D9",68,425,8,6,0,8,48,6,1.4737,"MW","JAJ"
1,"E9",69,1208,9,6,0,9,54,6,2.64,"WB","EAP"
1,"F9",70,893,9,6,0,9,54,6,1.6763,"MW","JXD"
1,"G9",71,332,9,6,0,9,54,6,1.3878,"MW","JAJ"
1,"H9",72,936,9,6,0,9,54,6,1.67,"WB","JXD"
1,"A10",73,599,9,6,0,9,54,6,1.6783,"WB","JXD"
1,"B10",74,760,9,6,0,9,54,6,1.8468,"MW","JXD"
1,"C10",75,388,9,6,0,9,54,6,1.625,"MW","JAJ"
1,"D10",76,466,9,6,0,9,54,6,4.625,"MW","JAJ"
1,"E10",77,203,9,6,0,9,54,6,1.75,"WB","JAJ"
1,"F10",78,0,NA,6,0,NA,NA,6,NA,NA,NA
1,"G10",79,679,9,6,0,9,54,6,1.5988,"MW","EAP"
1,"H10",80,227,10,6,0,10,60,6,1.4286,"MW","JAJ"
1,"A11",81,635,10,6,0,10,60,6,1.7007,"MW","JXD"
1,"B11",82,1287,10,6,0,10,60,6,1.34,"WB","EAP"
1,"C11",83,418,10,6,0,10,60,6,1.3684,"MW","JAJ"
1,"D11",84,612,10,6,0,10,60,6,1.55,"MW","JXD"
1,"E11",85,605,10,6,0,10,60,6,1.5294,"MW","JXD"
1,"F11",86,1475,10,6,0,10,60,6,1.52,"MW","EAP"
1,"G11",87,1034,10,6,0,10,60,6,1.4103,"MW","JXD"
1,"H11",88,414,10,6,0,10,60,6,1.2353,"MW","JAJ"
1,"A12",89,788,10,6,0,10,60,6,1.91,"WB","JXD"
1,"B12",90,258,11,6,0,11,66,6,1.2442,"MW","JAJ"
1,"C12",91,406,11,6,0,11,66,6,1.5,"MW","JAJ"
1,"D12",92,402,11,6,0,11,66,6,1.4444,"MW","JAJ"
1,"E12",93,343,11,6,0,11,66,6,1.3108,"MW","JAJ"
1,"F12",94,300,11,6,0,11,66,6,2.2,"MW","JAJ"
1,"G12",95,1044,11,6,0,11,66,6,1.6289,"MW","JXD"
1,"H12",96,761,11,6,0,11,66,6,1.506,"WB","JXD"
2,"A1",1,537,11,6,0,11,66,6,1.3636,"MW","EAP"
2,"B1",2,1158,12,6,0,12,72,6,2.05,"WB","EAP"
2,"C1",3,279,12,6,0,12,72,6,1.3611,"MW","JAJ"
2,"D1",4,735,12,6,0,12,72,6,1.2765,"MW","JXD"
2,"E1",5,395,12,6,0,12,72,6,1.4426,"MW","JAJ"
2,"F1",6,200,12,6,0,12,72,6,1.9259,"WB","JAJ"
2,"G1",7,540,12,6,0,12,72,6,-12,"MW","EAP"
2,"H1",8,1461,12,6,0,12,72,6,1.61,"WB","EAP"
2,"A2",9,1933,12,6,0,12,72,6,1.36,"MW","EAP"
2,"B2",10,385,12,6,0,12,72,6,1.3506,"MW","JAJ"
2,"C2",11,1042,13,6,0,13,78,6,1.7627,"MW","JXD"
2,"D2",12,417,13,6,0,13,78,6,3.4,"MW","JAJ"
2,"E2",13,524,13,6,0,13,78,6,2.04,"MW","JAJ"
2,"F2",14,807,13,6,0,13,78,6,1.3366,"MW","JXD"
2,"G2",15,64,13,6,0,13,78,6,1.7,"WB","RD"
2,"H2",16,285,13,6,0,13,78,6,1.2842,"MW","JAJ"
2,"A3",17,468,13,6,0,13,78,6,1.3294,"MW","JAJ"
2,"B3",18,831,13,6,0,13,78,6,1.6416,"MW","JXD"
2,"C3",19,442,13,6,0,13,78,6,1.8235,"MW","JAJ"
2,"D3",20,397,13,6,0,13,78,6,1.27,"MW","JAJ"
2,"E3",21,923,14,6,0,14,84,6,1.2028,"MW","JXD"
2,"F3",22,833,14,6,0,14,84,6,1.6609,"MW","JXD"
2,"G3",23,221,14,6,0,14,84,6,1.59,"MW","JAJ"
2,"H3",24,1942,14,6,0,14,84,6,1.97,"WB","EAP"
2,"A4",25,1274,14,6,0,14,84,6,2.05,"WB","EAP"
2,"B4",26,1292,14,6,0,14,84,6,2.03,"WB","EAP"
2,"C4",27,541,15,6,0,15,90,6,1.4669,"MW","EAP"
2,"D4",28,519,15,6,0,15,90,6,1.4521,"MW","JAJ"
2,"E4",29,518,15,6,0,15,90,6,1.4125,"MW","JAJ"
2,"F4",30,310,15,6,0,15,90,6,1.3587,"MW","JAJ"
2,"G4",31,280,15,6,0,15,90,6,1.4533,"MW","JAJ"
2,"H4",32,526,15,6,0,15,90,6,1.2883,"MW","JAJ"
2,"A5",33,354,15,6,0,15,90,6,1.267,"MW","JAJ"
2,"B5",34,590,16,6,0,16,96,6,1.7731,"MW","EAP"
2,"C5",35,858,16,6,0,16,96,6,1.8098,"MW","JXD"
2,"D5",36,351,16,6,0,16,96,6,1.4545,"MW","JAJ"
2,"E5",37,284,16,6,0,16,96,6,1.152,"MW","JAJ"
2,"F5",38,569,16,6,0,16,96,6,2.3358,"MW","EAP"
2,"G5",39,299,16,6,0,16,96,6,1.4286,"MW","JAJ"
2,"H5",40,1285,16,6,0,16,96,6,1.7,"WB","EAP"
2,"A6",41,301,17,6,0,17,102,6,1.2254,"MW","JAJ"
2,"B6",42,1439,17,6,0,17,102,6,1.76,"WB","EAP"
2,"C6",43,224,17,6,0,17,102,6,1.3978,"MW","JAJ"
2,"D6",44,1217,17,6,0,17,102,6,2.46,"WB","EAP"
2,"E6",45,912,17,6,0,17,102,6,1.5251,"MW","JXD"
2,"F6",46,283,17,6,0,17,102,6,1.3663,"MW","JAJ"
2,"G6",47,1043,17,6,0,17,102,6,1.662,"MW","JXD"
2,"H6",48,305,18,6,0,18,108,6,1.4756,"MW","JAJ"
2,"A7",49,728,18,6,0,18,108,6,1.63,"MW","JXD"
2,"B7",50,410,18,6,0,18,108,6,1.3167,"MW","JAJ"
2,"C7",51,226,18,6,0,18,108,6,1.3451,"MW","JAJ"
2,"D7",52,207,18,6,0,18,108,6,1.04,"WB","JAJ"
2,"E7",53,443,18,6,0,18,108,6,1.5882,"MW","JAJ"
2,"F7",54,394,19,6,0,19,114,6,1.2467,"MW","JAJ"
2,"G7",55,434,19,6,0,19,114,6,1.3832,"MW","JAJ"
2,"H7",56,879,19,6,0,19,114,6,2.9297,"WB","JXD"
2,"A8",57,308,19,6,0,19,114,6,1.4565,"MW","JAJ"
2,"B8",58,313,19,6,0,19,114,6,1.57,"MW","JAJ"
2,"C8",59,336,19,6,0,19,114,6,3.04,"WB","JAJ"
2,"D8",60,655,19,6,0,19,114,6,1.6887,"MW","EAP"
2,"E8",61,392,19,6,0,19,114,6,1.4574,"MW","JAJ"
2,"F8",62,609,19,6,0,19,114,6,1.6554,"MW","JXD"
2,"G8",63,87,20,6,0,20,120,6,1.7368,"WB","JAJ"
2,"H8",64,386,20,6,0,20,120,6,1.5301,"MW","JAJ"
2,"A9",65,292,20,6,0,20,120,6,1.6,"MW","JAJ"
2,"B9",66,806,20,6,0,20,120,6,1.3756,"MW","JXD"
2,"C9",67,1792,20,6,0,20,120,6,1.89,"WB","EAP"
2,"D9",68,794,20,6,0,20,120,6,1.5316,"MW","JXD"
2,"E9",69,535,21,6,0,21,126,6,1.5861,"MW","EAP"
2,"F9",70,467,21,6,0,21,126,6,1.4259,"MW","JAJ"
2,"G9",71,373,21,6,0,21,126,6,1.7258,"MW","JAJ"
2,"H9",72,729,21,6,0,21,126,6,1.7129,"MW","JXD"
2,"A10",73,816,21,6,0,21,126,6,1.5164,"MW","JXD"
2,"B10",74,281,22,6,0,22,132,6,1.2234,"MW","JAJ"
2,"C10",75,804,22,6,0,22,132,6,1.4374,"MW","JXD"
2,"D10",76,934,22,6,0,22,132,6,1.6442,"MW","JXD"
2,"E10",77,840,22,6,0,22,132,6,1.7413,"WB","JXD"
2,"F10",78,1508,22,6,0,22,132,6,1.17,"MW","EAP"
2,"G10",79,223,23,6,0,23,138,6,1.4545,"MW","JAJ"
2,"H10",80,814,23,6,0,23,138,6,1.5914,"MW","JXD"
2,"A11",81,222,23,6,0,23,138,6,1.6,"MW","JAJ"
2,"B11",82,277,23,6,0,23,138,6,1.0397,"MW","JAJ"
2,"C11",83,1194,23,6,0,23,138,6,1.59,"MW","EAP"
2,"D11",84,309,24,6,0,24,144,6,1.6265,"MW","JAJ"
2,"E11",85,314,24,6,0,24,144,6,1.52,"MW","JAJ"
2,"F11",86,892,24,6,0,24,144,6,1.5642,"MW","JXD"
2,"G11",87,400,25,6,0,25,150,6,1.4,"MW","JAJ"
2,"H11",88,0,NA,6,0,NA,NA,6,NA,NA,NA
2,"A12",89,527,25,6,0,25,150,6,1.1727,"MW","JAJ"
2,"B12",90,1568,25,6,0,25,150,6,1.77,"WB","EAP"
2,"C12",91,1393,26,6,0,26,156,6,1.85,"WB","EAP"
2,"D12",92,1146,26,6,0,26,156,6,1.76,"MW","EAP"
2,"E12",93,734,26,6,0,26,156,6,1.5828,"MW","JXD"
2,"F12",94,1971,26,6,0,26,156,6,1.85,"WB","EAP"
2,"G12",95,282,27,6,0,27,162,6,1.5463,"MW","JAJ"
2,"H12",96,859,27,6,0,27,162,6,1.8681,"MW","JXD"
3,"A1",1,692,28,5,4,15.5555555555556,140,9,1.8516,"WB","EAP"
3,"B1",2,822,28,5,4,15.5555555555556,140,9,1.7603,"WB","JXD"
3,"C1",3,298,28,5,4,15.5555555555556,140,9,1.5727,"MW","JAJ"
3,"D1",4,601,29,5,4,16.1111111111111,145,9,1.6871,"MW","JXD"
3,"E1",5,326,29,5,4,16.1111111111111,145,9,1.0275,"MW","JAJ"
3,"F1",6,620,29,5,4,16.1111111111111,145,9,1.8047,"MW","JXD"
3,"G1",7,322,29,5,4,16.1111111111111,145,9,1.2154,"MW","JAJ"
3,"H1",8,566,30,5,4,16.6666666666667,150,9,1.5927,"MW","EAP"
3,"A2",9,1021,30,5,4,16.6666666666667,150,9,1.8,"WB","JXD"
3,"B2",10,1497,30,5,4,16.6666666666667,150,9,1.77,"WB","EAP"
3,"C2",11,105,30,5,4,16.6666666666667,150,9,2.4,"WB","JAJ"
3,"D2",12,745,30,5,4,16.6666666666667,150,9,1.8311,"WB","JXD"
3,"E2",13,638,30,5,4,16.6666666666667,150,9,1.5796,"MW","JXD"
3,"F2",14,610,31,5,4,17.2222222222222,155,9,1.87,"MW","JXD"
3,"G2",15,215,31,5,4,17.2222222222222,155,9,1.3418,"MW","JAJ"
3,"H2",16,275,32,5,4,17.7777777777778,160,9,1.4861,"MW","JAJ"
3,"A3",17,303,32,5,4,17.7777777777778,160,9,1.5385,"MW","JAJ"
3,"B3",18,1087,32,5,4,17.7777777777778,160,9,1.6264,"WB","JXD"
3,"C3",19,234,32,5,4,17.7777777777778,160,9,2.2069,"MW","JAJ"
3,"D3",20,306,32,5,4,17.7777777777778,160,9,1.2443,"MW","JAJ"
3,"E3",21,602,32,5,4,17.7777777777778,160,9,1.8952,"WB","JXD"
3,"F3",22,346,32,5,4,17.7777777777778,160,9,1.0696,"MW","JAJ"
3,"G3",23,411,33,5,4,18.3333333333333,165,9,1.3165,"MW","JAJ"
3,"H3",24,355,33,5,4,18.3333333333333,165,9,1.422,"MW","JAJ"
3,"A4",25,228,33,5,4,18.3333333333333,165,9,1.6239,"MW","JAJ"
3,"B4",26,634,33,5,4,18.3333333333333,165,9,1.7101,"MW","JXD"
3,"C4",27,236,34,5,4,18.8888888888889,170,9,1.8642,"MW","JAJ"
3,"D4",28,225,34,5,4,18.8888888888889,170,9,1.6325,"MW","JAJ"
3,"E4",29,1759,34,5,4,18.8888888888889,170,9,1.56,"MW","EAP"
3,"F4",30,803,34,5,4,18.8888888888889,170,9,1.5234,"MW","JXD"
3,"G4",31,664,34,5,4,18.8888888888889,170,9,1.8959,"MW","EAP"
3,"H4",32,352,35,5,4,19.4444444444444,175,9,1.6016,"MW","JAJ"
3,"A5",33,212,35,5,4,19.4444444444444,175,9,1.75,"MW","JAJ"
3,"B5",34,1507,35,5,4,19.4444444444444,175,9,1.72,"WB","EAP"
3,"C5",35,713,35,5,4,19.4444444444444,175,9,1.56,"MW","EAP"
3,"D5",36,935,35,5,4,19.4444444444444,175,9,1.6284,"MW","JXD"
3,"E5",37,1824,36,5,4,20,180,9,1.96,"WB","EAP"
3,"F5",38,828,36,5,4,20,180,9,1.7394,"MW","JXD"
3,"G5",39,51,36,5,4,20,180,9,2.3,"WB","SLJ"
3,"H5",40,1752,37,5,4,20.5555555555556,185,9,1.66,"MW","EAP"
3,"A6",41,393,37,5,4,20.5555555555556,185,9,1.266,"MW","JAJ"
3,"B6",42,1693,37,5,4,20.5555555555556,185,9,1.36,"MW","EAP"
3,"C6",43,323,37,5,4,20.5555555555556,185,9,1.7273,"MW","JAJ"
3,"D6",44,607,37,5,4,20.5555555555556,185,9,1.5914,"MW","JXD"
3,"E6",45,371,38,5,4,21.1111111111111,190,9,1.0942,"MW","JAJ"
3,"F6",46,533,38,5,4,21.1111111111111,190,9,1.5705,"MW","EAP"
3,"G6",47,1535,38,5,4,21.1111111111111,190,9,1.61,"MW","EAP"
3,"H6",48,512,38,5,4,21.1111111111111,190,9,1.4722,"MW","JAJ"
3,"A7",49,291,39,5,4,21.6666666666667,195,9,1.31,"MW","JAJ"
3,"B7",50,1821,39,5,4,21.6666666666667,195,9,1.78,"MW","EAP"
3,"C7",51,662,39,5,4,21.6666666666667,195,9,1.7664,"MW","EAP"
3,"D7",52,613,40,5,4,22.2222222222222,200,9,1.6708,"MW","JXD"
3,"E7",53,538,40,5,4,22.2222222222222,200,9,1.6611,"MW","EAP"
3,"F7",54,711,40,5,4,22.2222222222222,200,9,1.71,"MW","EAP"
3,"G7",55,185,40,5,4,22.2222222222222,200,9,1.9535,"WB","JAJ"
3,"H7",56,181,41,5,4,22.7777777777778,205,9,1.84,"WB","JAJ"
3,"A8",57,1875,41,5,4,22.7777777777778,205,9,2.04,"WB","EAP"
3,"B8",58,1145,41,5,4,22.7777777777778,205,9,1.88,"WB","EAP"
3,"C8",59,1082,41,5,4,22.7777777777778,205,9,1.78,"WB","JXD"
3,"D8",60,186,41,5,4,22.7777777777778,205,9,1.9438,"WB","JAJ"
3,"E8",61,595,41,5,4,22.7777777777778,205,9,1.771,"MW","EAP"
3,"F8",62,256,41,5,4,22.7777777777778,205,9,1.8286,"MW","JAJ"
3,"G8",63,304,42,5,4,23.3333333333333,210,9,1.7317,"MW","JAJ"
3,"H8",64,1760,42,5,4,23.3333333333333,210,9,1.61,"MW","EAP"
3,"A9",65,21,42,5,4,23.3333333333333,210,9,1.7807,"WB","JXD"
3,"B9",66,408,42,5,4,23.3333333333333,210,9,1.5536,"MW","JAJ"
3,"C9",67,584,42,5,4,23.3333333333333,210,9,1.5926,"MW","EAP"
3,"D9",68,149,42,5,4,23.3333333333333,210,9,1.7692,"WB","JAJ"
3,"E9",69,161,43,5,4,23.8888888888889,215,9,2.0476,"WB","JAJ"
3,"F9",70,413,43,5,4,23.8888888888889,215,9,1.0717,"MW","JAJ"
3,"G9",71,0,NA,5,4,NA,NA,9,NA,NA,NA
3,"H9",72,621,43,5,4,23.8888888888889,215,9,1.7019,"MW","JXD"
3,"A10",73,240,44,5,4,24.4444444444444,220,9,1.9,"MW","JAJ"
3,"B10",74,230,44,5,4,24.4444444444444,220,9,1.5419,"MW","JAJ"
3,"C10",75,404,44,5,4,24.4444444444444,220,9,1.3369,"MW","JAJ"
3,"D10",76,348,44,5,4,24.4444444444444,220,9,1.1282,"MW","JAJ"
3,"E10",77,523,44,5,4,24.4444444444444,220,9,1.6704,"MW","JAJ"
3,"F10",78,1539,45,5,4,25,225,9,1.8,"WB","EAP"
3,"G10",79,1434,45,5,4,25,225,9,1.75,"MW","EAP"
3,"H10",80,297,45,5,4,25,225,9,1.5288,"MW","JAJ"
3,"A11",81,307,46,5,4,25.5555555555556,230,9,1.8348,"WB","JAJ"
3,"B11",82,478,46,5,4,25.5555555555556,230,9,1.3129,"MW","JAJ"
3,"C11",83,560,46,5,4,25.5555555555556,230,9,1.3704,"WB","EAP"
3,"D11",84,249,46,5,4,25.5555555555556,230,9,2.1264,"MW","JAJ"
3,"E11",85,1045,46,5,4,25.5555555555556,230,9,1.5816,"MW","JXD"
3,"F11",86,686,47,5,4,26.1111111111111,235,9,1.9212,"WB","EAP"
3,"G11",87,1446,47,5,4,26.1111111111111,235,9,1.81,"WB","EAP"
3,"H11",88,542,48,5,4,26.6666666666667,240,9,1.7548,"MW","EAP"
3,"A12",89,327,48,5,4,26.6666666666667,240,9,1.1107,"MW","JAJ"
3,"B12",90,730,48,5,4,26.6666666666667,240,9,1.7,"MW","JXD"
3,"C12",91,759,48,5,4,26.6666666666667,240,9,1.7676,"MW","JXD"
3,"D12",92,1622,48,5,4,26.6666666666667,240,9,1.54,"WB","EAP"
3,"E12",93,1086,48,5,4,26.6666666666667,240,9,1.7351,"WB","JXD"
3,"F12",94,390,49,5,4,27.2222222222222,245,9,1.5654,"MW","JAJ"
3,"G12",95,649,49,5,4,27.2222222222222,245,9,1.8063,"WB","JXD"
3,"H12",96,503,49,5,4,27.2222222222222,245,9,1.9018,"WB","JAJ"
4,"A1",1,469,49,5,11,15.3125,245,16,1.3956,"MW","JAJ"
4,"B1",2,1196,49,5,11,15.3125,245,16,1.74,"MW","EAP"
4,"C1",3,578,50,5,11,15.625,250,16,1.7448,"MW","EAP"
4,"D1",4,1506,50,5,11,15.625,250,16,1.56,"MW","EAP"
4,"E1",5,732,50,5,11,15.625,250,16,1.6224,"MW","JXD"
4,"F1",6,641,51,5,11,15.9375,255,16,1.6976,"MW","JXD"
4,"G1",7,661,51,5,11,15.9375,255,16,2.2809,"MW","EAP"
4,"H1",8,1623,51,5,11,15.9375,255,16,1.8,"WB","EAP"
4,"A2",9,188,51,5,11,15.9375,255,16,1.9455,"WB","JAJ"
4,"B2",10,479,51,5,11,15.9375,255,16,1.6175,"MW","JAJ"
4,"C2",11,1058,52,5,11,16.25,260,16,1.78,"WB","JXD"
4,"D2",12,1789,52,5,11,16.25,260,16,1.86,"WB","EAP"
4,"E2",13,1148,52,5,11,16.25,260,16,1.8,"MW","EAP"
4,"F2",14,1751,52,5,11,16.25,260,16,1.66,"MW","EAP"
4,"G2",15,347,52,5,11,16.25,260,16,1.0808,"MW","JAJ"
4,"H2",16,1232,52,5,11,16.25,260,16,1.68,"WB","EAP"
4,"A3",17,1028,53,5,11,16.5625,265,16,1.757,"WB","JXD"
4,"B3",18,1557,53,5,11,16.5625,265,16,1.79,"WB","EAP"
4,"C3",19,1775,53,5,11,16.5625,265,16,1.61,"MW","EAP"
4,"D3",20,1694,54,5,11,16.875,270,16,1.58,"MW","EAP"
4,"E3",21,349,54,5,11,16.875,270,16,1.2241,"MW","JAJ"
4,"F3",22,377,54,5,11,16.875,270,16,1.6448,"MW","JAJ"
4,"G3",23,656,54,5,11,16.875,270,16,1.7008,"MW","EAP"
4,"H3",24,1404,55,5,11,17.1875,275,16,1.75,"MW","EAP"
4,"A4",25,1570,55,5,11,17.1875,275,16,1.8,"WB","EAP"
4,"B4",26,821,55,5,11,17.1875,275,16,1.7964,"MW","JXD"
4,"C4",27,697,55,5,11,17.1875,275,16,1.1128,"MW","JXD"
4,"D4",28,1540,56,5,11,17.5,280,16,1.77,"WB","EAP"
4,"E4",29,1076,56,5,11,17.5,280,16,1.83,"WB","JXD"
4,"F4",30,1159,56,5,11,17.5,280,16,1.95,"WB","EAP"
4,"G4",31,1247,57,5,11,17.8125,285,16,1.71,"MW","EAP"
4,"H4",32,639,58,5,11,18.125,290,16,1.8114,"WB","JXD"
4,"A5",33,1094,58,5,11,18.125,290,16,1.8084,"WB","JXD"
4,"B5",34,59,58,5,11,18.125,290,16,1.8146,"WB","JD"
4,"C5",35,254,59,5,11,18.4375,295,16,1.81,"WB","JAJ"
4,"D5",36,1910,59,5,11,18.4375,295,16,1.62,"WB","EAP"
4,"E5",37,255,60,5,11,18.75,300,16,1.5514,"MW","JAJ"
4,"F5",38,587,60,5,11,18.75,300,16,1.9079,"WB","JXD"
4,"G5",39,1699,61,5,11,19.0625,305,16,1.88,"WB","EAP"
4,"H5",40,1776,62,5,11,19.375,310,16,1.45,"MW","EAP"
4,"A6",41,1207,62,5,11,19.375,310,16,1.97,"WB","EAP"
4,"B6",42,1246,64,5,11,20,320,16,1.91,"WB","EAP"
4,"C6",43,272,64,5,11,20,320,16,1.88,"WB","JAJ"
4,"D6",44,50,64,5,11,20,320,16,1.57,"WB","JXD"
4,"E6",45,787,64,5,11,20,320,16,1.85,"MW","JXD"
4,"F6",46,498,64,5,11,20,320,16,1.9357,"WB","JAJ"
4,"G6",47,0,NA,5,11,NA,NA,16,NA,NA,NA
4,"H6",48,190,65,5,11,20.3125,325,16,1.8344,"WB","JAJ"
4,"A7",49,491,65,5,11,20.3125,325,16,0.9844,"WB","JAJ"
4,"B7",50,312,65,5,11,20.3125,325,16,1.0541,"MW","JAJ"
4,"C7",51,268,66,5,11,20.625,330,16,6.7436,"MW","JAJ"
4,"D7",52,155,66,5,11,20.625,330,16,2.7216,"WB","JAJ"
4,"E7",53,1403,66,5,11,20.625,330,16,1.88,"MW","EAP"
4,"F7",54,1531,67,5,11,20.9375,335,16,1.79,"WB","EAP"
4,"G7",55,1614,67,5,11,20.9375,335,16,1.84,"WB","EAP"
4,"H7",56,829,67,5,11,20.9375,335,16,1.6389,"MW","JXD"
4,"A8",57,813,67,5,11,20.9375,335,16,1.6956,"MW","JXD"
4,"B8",58,384,67,5,11,20.9375,335,16,1.51,"MW","JAJ"
4,"C8",59,142,68,5,11,21.25,340,16,1.5882,"WB","JAJ"
4,"D8",60,1118,69,5,11,21.5625,345,16,1.48,"MW","EAP"
4,"E8",61,375,69,5,11,21.5625,345,16,1.5914,"MW","JAJ"
4,"F8",62,636,69,5,11,21.5625,345,16,1.7275,"MW","JXD"
4,"G8",63,1095,69,5,11,21.5625,345,16,1.842,"WB","JXD"
4,"H8",64,580,70,5,11,21.875,350,16,1.669,"MW","EAP"
4,"A9",65,1107,70,5,11,21.875,350,16,1.89,"WB","JXD"
4,"B9",66,586,70,5,11,21.875,350,16,1.7515,"MW","EAP"
4,"C9",67,717,70,5,11,21.875,350,16,1.81,"MW","EAP"
4,"D9",68,345,71,5,11,22.1875,355,16,1.6379,"MW","JAJ"
4,"E9",69,1109,71,5,11,22.1875,355,16,1.8346,"WB","JXD"
4,"F9",70,1108,71,5,11,22.1875,355,16,1.9,"WB","JXD"
4,"G9",71,1877,71,5,11,22.1875,355,16,1.62,"WB","EAP"
4,"H9",72,302,72,5,11,22.5,360,16,1.6331,"MW","JAJ"
4,"A10",73,857,72,5,11,22.5,360,16,1.8191,"WB","JXD"
4,"B10",74,534,72,5,11,22.5,360,16,1.7139,"MW","EAP"
4,"C10",75,539,72,5,11,22.5,360,16,1.7343,"MW","EAP"
4,"D10",76,350,72,5,11,22.5,360,16,1.2086,"MW","JAJ"
4,"E10",77,111,73,5,11,22.8125,365,16,1.87,"WB","JAJ"
4,"F10",78,235,73,5,11,22.8125,365,16,1.6824,"MW","JAJ"
4,"G10",79,264,74,5,11,23.125,370,16,1.5093,"MW","JAJ"
4,"H10",80,229,74,5,11,23.125,370,16,1.5125,"MW","JAJ"
4,"A11",81,231,75,5,11,23.4375,375,16,1.2182,"MW","JAJ"
4,"B11",82,938,75,5,11,23.4375,375,16,1.89,"WB","JXD"
4,"C11",83,1314,76,5,11,23.75,380,16,1.92,"WB","EAP"
4,"D11",84,1195,76,5,11,23.75,380,16,1.8,"MW","EAP"
4,"E11",85,1536,76,5,11,23.75,380,16,1.84,"WB","EAP"
4,"F11",86,1364,76,5,11,23.75,380,16,1.91,"WB","EAP"
4,"G11",87,1543,78,5,11,24.375,390,16,1.85,"WB","EAP"
4,"H11",88,851,78,5,11,24.375,390,16,1.8025,"WB","JXD"
4,"A12",89,1143,78,5,11,24.375,390,16,1.91,"WB","EAP"
4,"B12",90,778,79,5,11,24.6875,395,16,1.82,"WB","JXD"
4,"C12",91,1972,79,5,11,24.6875,395,16,1.89,"WB","EAP"
4,"D12",92,924,80,5,11,25,400,16,1.5563,"MW","JXD"
4,"E12",93,758,83,5,11,25.9375,415,16,1.687,"MW","JXD"
4,"F12",94,1280,83,5,11,25.9375,415,16,1.78,"MW","EAP"
4,"G12",95,1678,84,5,11,26.25,420,16,1.93,"WB","EAP"
4,"H12",96,366,84,5,11,26.25,420,16,1.82,"WB","JAJ"
5,"A1",1,1554,84,5,22,15.5555555555556,420,27,1.73,"WB","EAP"
5,"B1",2,454,85,5,22,15.7407407407407,425,27,1.7368,"WB","JAJ"
5,"C1",3,1138,85,5,22,15.7407407407407,425,27,1.77,"MW","EAP"
5,"D1",4,1545,85,5,22,15.7407407407407,425,27,1.85,"WB","EAP"
5,"E1",5,287,85,5,22,15.7407407407407,425,27,1.1023,"MW","JAJ"
5,"F1",6,922,85,5,22,15.7407407407407,425,27,1.6284,"MW","JXD"
5,"G1",7,167,85,5,22,15.7407407407407,425,27,1.83,"WB","JAJ"
5,"H1",8,1929,86,5,22,15.9259259259259,430,27,1.87,"MW","EAP"
5,"A2",9,614,87,5,22,16.1111111111111,435,27,1.6066,"MW","JXD"
5,"B2",10,1027,90,5,22,16.6666666666667,450,27,1.8243,"WB","JXD"
5,"C2",11,202,90,5,22,16.6666666666667,450,27,1.786,"WB","JAJ"
5,"D2",12,1262,91,5,22,16.8518518518519,455,27,1.87,"WB","EAP"
5,"E2",13,793,91,5,22,16.8518518518519,455,27,1.56,"MW","JXD"
5,"F2",14,189,91,5,22,16.8518518518519,455,27,1.852,"WB","JAJ"
5,"G2",15,1679,91,5,22,16.8518518518519,455,27,1.9,"WB","EAP"
5,"H2",16,1430,92,5,22,17.037037037037,460,27,1.86,"WB","EAP"
5,"A3",17,62,92,5,22,17.037037037037,460,27,1.8721,"WB","RD"
5,"B3",18,125,92,5,22,17.037037037037,460,27,1.913,"WB","JAJ"
5,"C3",19,684,93,5,22,17.2222222222222,465,27,1.83,"WB","EAP"
5,"D3",20,1024,94,5,22,17.4074074074074,470,27,1.7739,"WB","JXD"
5,"E3",21,1388,95,5,22,17.5925925925926,475,27,1.89,"WB","EAP"
5,"F3",22,1777,95,5,22,17.5925925925926,475,27,1.73,"MW","EAP"
5,"G3",23,1175,95,5,22,17.5925925925926,475,27,1.87,"WB","EAP"
5,"H3",24,1378,96,5,22,17.7777777777778,480,27,1.94,"WB","EAP"
5,"A4",25,1221,96,5,22,17.7777777777778,480,27,1.78,"MW","EAP"
5,"B4",26,141,96,5,22,17.7777777777778,480,27,1.4165,"BUC","JAJ"
5,"C4",27,1640,97,5,22,17.962962962963,485,27,1.8,"WB","EAP"
5,"D4",28,311,97,5,22,17.962962962963,485,27,1.48,"MW","JAJ"
5,"E4",29,716,97,5,22,17.962962962963,485,27,1.9034,"WB","EAP"
5,"F4",30,1059,99,5,22,18.3333333333333,495,27,1.8686,"WB","JXD"
5,"G4",31,409,99,5,22,18.3333333333333,495,27,1.3014,"MW","JAJ"
5,"H4",32,0,NA,5,22,NA,NA,27,NA,NA,NA
5,"A5",33,198,100,5,22,18.5185185185185,500,27,1.8991,"WB","JAJ"
5,"B5",34,154,100,5,22,18.5185185185185,500,27,1.0315,"WB","JAJ"
5,"C5",35,913,100,5,22,18.5185185185185,500,27,2.0141,"WB","JXD"
5,"D5",36,1488,101,5,22,18.7037037037037,505,27,1.87,"WB","EAP"
5,"E5",37,805,101,5,22,18.7037037037037,505,27,1.7305,"MW","JXD"
5,"F5",38,1426,101,5,22,18.7037037037037,505,27,1.89,"WB","EAP"
5,"G5",39,1363,101,5,22,18.7037037037037,505,27,1.83,"WB","EAP"
5,"H5",40,703,102,5,22,18.8888888888889,510,27,1.8591,"WB","EAP"
5,"A6",41,1411,102,5,22,18.8888888888889,510,27,1.89,"WB","EAP"
5,"B6",42,1353,103,5,22,19.0740740740741,515,27,1.89,"WB","EAP"
5,"C6",43,196,103,5,22,19.0740740740741,515,27,1.895,"WB","JAJ"
5,"D6",44,1376,104,5,22,19.2592592592593,520,27,1.91,"WB","EAP"
5,"E6",45,210,104,5,22,19.2592592592593,520,27,1.8327,"WB","JAJ"
5,"F6",46,1036,105,5,22,19.4444444444444,525,27,1.6491,"MW","JXD"
5,"G6",47,1437,106,5,22,19.6296296296296,530,27,1.62,"MW","EAP"
5,"H6",48,561,107,5,22,19.8148148148148,535,27,1.6447,"MW","EAP"
5,"A7",49,1149,107,5,22,19.8148148148148,535,27,1.89,"WB","EAP"
5,"B7",50,698,107,5,22,19.8148148148148,535,27,1.8573,"MW","JXD"
5,"C7",51,826,108,5,22,20,540,27,1.8127,"WB","JXD"
5,"D7",52,1379,108,5,22,20,540,27,1.83,"MW","EAP"
5,"E7",53,1565,109,5,22,20.1851851851852,545,27,1.89,"WB","EAP"
5,"F7",54,175,110,5,22,20.3703703703704,550,27,1.8867,"WB","JAJ"
5,"G7",55,1276,110,5,22,20.3703703703704,550,27,1.93,"WB","EAP"
5,"H7",56,378,111,5,22,20.5555555555556,555,27,1.84,"WB","JAJ"
5,"A8",57,38,111,5,22,20.5555555555556,555,27,1.89,"WB","JXD"
5,"B8",58,874,111,5,22,20.5555555555556,555,27,1.8436,"WB","JXD"
5,"C8",59,356,112,5,22,20.7407407407407,560,27,1.4059,"MW","JAJ"
5,"D8",60,1886,112,5,22,20.7407407407407,560,27,1.8,"WB","EAP"
5,"E8",61,902,113,5,22,20.9259259259259,565,27,1.8223,"WB","JXD"
5,"F8",62,1281,113,5,22,20.9259259259259,565,27,1.72,"MW","EAP"
5,"G8",63,1172,113,5,22,20.9259259259259,565,27,1.72,"MW","EAP"
5,"H8",64,108,114,5,22,21.1111111111111,570,27,2.1065,"WB","JAJ"
5,"A9",65,211,114,5,22,21.1111111111111,570,27,1.3529,"MW","JAJ"
5,"B9",66,338,114,5,22,21.1111111111111,570,27,1.84,"WB","JAJ"
5,"C9",67,515,115,5,22,21.2962962962963,575,27,1.7188,"WB","JAJ"
5,"D9",68,364,115,5,22,21.2962962962963,575,27,1.84,"WB","JAJ"
5,"E9",69,1142,116,5,22,21.4814814814815,580,27,1.86,"WB","EAP"
5,"F9",70,288,117,5,22,21.6666666666667,585,27,1.3618,"MW","JAJ"
5,"G9",71,1899,117,5,22,21.6666666666667,585,27,1.86,"MW","EAP"
5,"H9",72,163,118,5,22,21.8518518518519,590,27,1.435,"WB","JAJ"
5,"A10",73,820,119,5,22,22.037037037037,595,27,1.8383,"WB","JXD"
5,"B10",74,1216,119,5,22,22.037037037037,595,27,1.91,"WB","EAP"
5,"C10",75,1019,120,5,22,22.2222222222222,600,27,1.806,"WB","JXD"
5,"D10",76,1758,120,5,22,22.2222222222222,600,27,1.79,"MW","EAP"
5,"E10",77,1026,122,5,22,22.5925925925926,610,27,1.8257,"WB","JXD"
5,"F10",78,342,122,5,22,22.5925925925926,610,27,1.5192,"MW","JAJ"
5,"G10",79,1038,122,5,22,22.5925925925926,610,27,1.88,"WB","JXD"
5,"H10",80,1834,124,5,22,22.962962962963,620,27,1.92,"WB","EAP"
5,"A11",81,150,125,5,22,23.1481481481481,625,27,1.91,"WB","JAJ"
5,"B11",82,246,126,5,22,23.3333333333333,630,27,1.8814,"WB","JAJ"
5,"C11",83,331,126,5,22,23.3333333333333,630,27,1.4753,"MW","JAJ"
5,"D11",84,1397,126,5,22,23.3333333333333,630,27,1.86,"WB","EAP"
5,"E11",85,1788,127,5,22,23.5185185185185,635,27,1.72,"WB","EAP"
5,"F11",86,1749,127,5,22,23.5185185185185,635,27,1.85,"WB","EAP"
5,"G11",87,1546,128,5,22,23.7037037037037,640,27,1.87,"WB","EAP"
5,"H11",88,405,128,5,22,23.7037037037037,640,27,1.4913,"MW","JAJ"
5,"A12",89,67,128,5,22,23.7037037037037,640,27,1.6542,"WB","JAJ"
5,"B12",90,824,131,5,22,24.2592592592593,655,27,1.8461,"WB","JXD"
5,"C12",91,853,131,5,22,24.2592592592593,655,27,1.8941,"WB","JXD"
5,"D12",92,1361,131,5,22,24.2592592592593,655,27,1.89,"WB","EAP"
5,"E12",93,144,132,5,22,24.4444444444444,660,27,1.3138,"WB","JAJ"
5,"F12",94,1829,132,5,22,24.4444444444444,660,27,1.83,"WB","EAP"
5,"G12",95,1479,132,5,22,24.4444444444444,660,27,1.88,"WB","EAP"
5,"H12",96,849,132,5,22,24.4444444444444,660,27,1.8605,"WB","JXD"
6,"A1",1,648,133,5,36,16.219512195122,665,41,1.853,"WB","JXD"
6,"B1",2,1660,134,5,36,16.3414634146341,670,41,1.89,"WB","EAP"
6,"C1",3,399,134,5,36,16.3414634146341,670,41,1.74,"MW","JAJ"
6,"D1",4,1359,135,5,36,16.4634146341463,675,41,1.9,"WB","EAP"
6,"E1",5,1658,136,5,36,16.5853658536585,680,41,1.88,"WB","EAP"
6,"F1",6,237,137,5,36,16.7073170731707,685,41,1.88,"WB","JAJ"
6,"G1",7,1915,137,5,36,16.7073170731707,685,41,1.87,"WB","EAP"
6,"H1",8,1938,137,5,36,16.7073170731707,685,41,1.86,"WB","EAP"
6,"A2",9,1020,138,5,36,16.8292682926829,690,41,1.8583,"WB","JXD"
6,"B2",10,1837,138,5,36,16.8292682926829,690,41,1.86,"WB","EAP"
6,"C2",11,1029,138,5,36,16.8292682926829,690,41,1.8161,"WB","JXD"
6,"D2",12,1515,139,5,36,16.9512195121951,695,41,1.85,"WB","EAP"
6,"E2",13,1840,145,5,36,17.6829268292683,725,41,1.91,"WB","EAP"
6,"F2",14,166,147,5,36,17.9268292682927,735,41,1.85,"WB","JAJ"
6,"G2",15,147,148,5,36,18.0487804878049,740,41,1.1858,"WB","JAJ"
6,"H2",16,502,148,5,36,18.0487804878049,740,41,1.2366,"WB","JAJ"
6,"A3",17,1335,148,5,36,18.0487804878049,740,41,1.86,"WB","EAP"
6,"B3",18,1001,149,5,36,18.1707317073171,745,41,1.8427,"WB","JXD"
6,"C3",19,1825,150,5,36,18.2926829268293,750,41,1.89,"WB","EAP"
6,"D3",20,1869,151,5,36,18.4146341463415,755,41,1.85,"WB","EAP"
6,"E3",21,260,152,5,36,18.5365853658537,760,41,3.0964,"MW","JAJ"
6,"F3",22,521,154,5,36,18.780487804878,770,41,1.89,"WB","JAJ"
6,"G3",23,85,155,5,36,18.9024390243902,775,41,1.87,"WB","JAJ"
6,"H3",24,1918,155,5,36,18.9024390243902,775,41,1.88,"WB","EAP"
6,"A4",25,1422,156,5,36,19.0243902439024,780,41,1.85,"WB","EAP"
6,"B4",26,389,156,5,36,19.0243902439024,780,41,1.5315,"MW","JAJ"
6,"C4",27,329,156,5,36,19.0243902439024,780,41,1.8103,"WB","JAJ"
6,"D4",28,1147,157,5,36,19.1463414634146,785,41,1.59,"MW","EAP"
6,"E4",29,1198,157,5,36,19.1463414634146,785,41,1.7,"MW","EAP"
6,"F4",30,1511,158,5,36,19.2682926829268,790,41,1.87,"WB","EAP"
6,"G4",31,611,158,5,36,19.2682926829268,790,41,1.79,"MW","JXD"
6,"H4",32,367,158,5,36,19.2682926829268,790,41,1.83,"WB","JAJ"
6,"A5",33,576,158,5,36,19.2682926829268,790,41,1.9,"WB","EAP"
6,"B5",34,1336,159,5,36,19.390243902439,795,41,1.88,"WB","EAP"
6,"C5",35,1104,159,5,36,19.390243902439,795,41,1.89,"WB","JXD"
6,"D5",36,1785,159,5,36,19.390243902439,795,41,1.73,"WB","EAP"
6,"E5",37,424,160,5,36,19.5121951219512,800,41,1.9,"WB","JAJ"
6,"F5",38,583,160,5,36,19.5121951219512,800,41,1.8888,"WB","JXD"
6,"G5",39,1870,162,5,36,19.7560975609756,810,41,1.83,"WB","EAP"
6,"H5",40,430,162,5,36,19.7560975609756,810,41,1.89,"WB","JAJ"
6,"A6",41,232,162,5,36,19.7560975609756,810,41,1.5908,"MW","JAJ"
6,"B6",42,1600,162,5,36,19.7560975609756,810,41,1.85,"WB","EAP"
6,"C6",43,1240,163,5,36,19.8780487804878,815,41,1.91,"WB","EAP"
6,"D6",44,173,163,5,36,19.8780487804878,815,41,2.11,"WB","JAJ"
6,"E6",45,458,164,5,36,20,820,41,1.86,"WB","JAJ"
6,"F6",46,89,165,5,36,20.1219512195122,825,41,1.6723,"WB","JAJ"
6,"G6",47,1845,165,5,36,20.1219512195122,825,41,1.88,"WB","EAP"
6,"H6",48,693,165,5,36,20.1219512195122,825,41,1.86,"WB","EAP"
6,"A7",49,1225,166,5,36,20.2439024390244,830,41,1.88,"WB","EAP"
6,"B7",50,589,166,5,36,20.2439024390244,830,41,1.8667,"WB","JXD"
6,"C7",51,615,167,5,36,20.3658536585366,835,41,1.6132,"MW","JXD"
6,"D7",52,1215,167,5,36,20.3658536585366,835,41,1.88,"WB","EAP"
6,"E7",53,743,167,5,36,20.3658536585366,835,41,1.8644,"WB","JXD"
6,"F7",54,1799,168,5,36,20.4878048780488,840,41,1.82,"WB","EAP"
6,"G7",55,1887,168,5,36,20.4878048780488,840,41,1.86,"WB","EAP"
6,"H7",56,1420,169,5,36,20.609756097561,845,41,1.9,"WB","EAP"
6,"A8",57,514,169,5,36,20.609756097561,845,41,1.1288,"MW","JAJ"
6,"B8",58,869,170,5,36,20.7317073170732,850,41,1.8639,"WB","JXD"
6,"C8",59,485,170,5,36,20.7317073170732,850,41,1.89,"WB","JAJ"
6,"D8",60,91,170,5,36,20.7317073170732,850,41,1.7023,"WB","JAJ"
6,"E8",61,102,170,5,36,20.7317073170732,850,41,1.89,"WB","JAJ"
6,"F8",62,289,171,5,36,20.8536585365854,855,41,1.8364,"WB","JAJ"
6,"G8",63,1704,171,5,36,20.8536585365854,855,41,1.92,"WB","EAP"
6,"H8",64,1408,172,5,36,20.9756097560976,860,41,1.9,"WB","EAP"
6,"A9",65,836,172,5,36,20.9756097560976,860,41,1.8283,"WB","JXD"
6,"B9",66,435,173,5,36,21.0975609756098,865,41,1.2502,"MW","JAJ"
6,"C9",67,1629,174,5,36,21.219512195122,870,41,1.86,"WB","EAP"
6,"D9",68,86,174,5,36,21.219512195122,870,41,1.89,"WB","JAJ"
6,"E9",69,259,174,5,36,21.219512195122,870,41,1.7702,"WB","JAJ"
6,"F9",70,193,175,5,36,21.3414634146341,875,41,1.84,"WB","JAJ"
6,"G9",71,1725,175,5,36,21.3414634146341,875,41,1.91,"WB","EAP"
6,"H9",72,1116,175,5,36,21.3414634146341,875,41,1.65,"MW","EAP"
6,"A10",73,1117,175,5,36,21.3414634146341,875,41,1.63,"MW","EAP"
6,"B10",74,1797,175,5,36,21.3414634146341,875,41,1.89,"WB","EAP"
6,"C10",75,625,175,5,36,21.3414634146341,875,41,1.7125,"MW","JXD"
6,"D10",76,714,176,5,36,21.4634146341463,880,41,1.9009,"WB","EAP"
6,"E10",77,1794,176,5,36,21.4634146341463,880,41,1.89,"WB","EAP"
6,"F10",78,440,176,5,36,21.4634146341463,880,41,1.8479,"WB","JAJ"
6,"G10",79,731,176,5,36,21.4634146341463,880,41,1.6126,"MW","JXD"
6,"H10",80,134,176,5,36,21.4634146341463,880,41,1.89,"WB","JAJ"
6,"A11",81,1112,177,5,36,21.5853658536585,885,41,1.9,"WB","EAP"
6,"B11",82,0,NA,5,36,NA,NA,41,NA,NA,NA
6,"C11",83,245,177,5,36,21.5853658536585,885,41,1.86,"WB","JAJ"
6,"D11",84,1085,177,5,36,21.5853658536585,885,41,1.86,"WB","JXD"
6,"E11",85,1074,178,5,36,21.7073170731707,890,41,1.8409,"WB","JXD"
6,"F11",86,1857,178,5,36,21.7073170731707,890,41,1.82,"WB","EAP"
6,"G11",87,1356,179,5,36,21.8292682926829,895,41,1.92,"WB","EAP"
6,"H11",88,1471,179,5,36,21.8292682926829,895,41,1.88,"WB","EAP"
6,"A12",89,1835,179,5,36,21.8292682926829,895,41,1.84,"WB","EAP"
6,"B12",90,1627,179,5,36,21.8292682926829,895,41,1.88,"WB","EAP"
6,"C12",91,927,179,5,36,21.8292682926829,895,41,1.9989,"WB","JXD"
6,"D12",92,114,179,5,36,21.8292682926829,895,41,1.91,"WB","JAJ"
6,"E12",93,764,179,5,36,21.8292682926829,895,41,1.9075,"WB","JXD"
6,"F12",94,220,181,5,36,22.0731707317073,905,41,1.0357,"MW","JAJ"
6,"G12",95,1333,181,5,36,22.0731707317073,905,41,1.89,"WB","EAP"
6,"H12",96,359,181,5,36,22.0731707317073,905,41,1.82,"WB","JAJ"
7,"A1",1,178,181,5,46,17.7450980392157,905,51,1.8475,"WB","JAJ"
7,"B1",2,1632,181,5,46,17.7450980392157,905,51,1.87,"WB","EAP"
7,"C1",3,881,182,5,46,17.843137254902,910,51,1.9529,"WB","JXD"
7,"D1",4,1705,182,5,46,17.843137254902,910,51,1.9,"WB","EAP"
7,"E1",5,1182,183,5,46,17.9411764705882,915,51,1.9,"WB","EAP"
7,"F1",6,1839,184,5,46,18.0392156862745,920,51,1.87,"WB","EAP"
7,"G1",7,1569,184,5,46,18.0392156862745,920,51,1.9,"WB","EAP"
7,"H1",8,547,185,5,46,18.1372549019608,925,51,1.5541,"WB","EAP"
7,"A2",9,1514,186,5,46,18.2352941176471,930,51,1.9,"WB","EAP"
7,"B2",10,168,188,5,46,18.4313725490196,940,51,1.8667,"WB","JAJ"
7,"C2",11,1970,188,5,46,18.4313725490196,940,51,1.9,"WB","EAP"
7,"D2",12,1847,188,5,46,18.4313725490196,940,51,1.84,"WB","EAP"
7,"E2",13,1394,188,5,46,18.4313725490196,940,51,1.9,"WB","EAP"
7,"F2",14,1258,188,5,46,18.4313725490196,940,51,1.92,"WB","EAP"
7,"G2",15,483,189,5,46,18.5294117647059,945,51,1.87,"WB","JAJ"
7,"H2",16,1321,190,5,46,18.6274509803922,950,51,1.88,"WB","EAP"
7,"A3",17,1374,191,5,46,18.7254901960784,955,51,1.89,"WB","EAP"
7,"B3",18,253,191,5,46,18.7254901960784,955,51,1.86,"WB","JAJ"
7,"C3",19,41,191,5,46,18.7254901960784,955,51,1.88,"WB","JXD"
7,"D3",20,864,193,5,46,18.921568627451,965,51,1.8423,"WB","JXD"
7,"E3",21,1770,193,5,46,18.921568627451,965,51,1.81,"WB","EAP"
7,"F3",22,591,193,5,46,18.921568627451,965,51,1.8299,"MW","EAP"
7,"G3",23,1872,194,5,46,19.0196078431373,970,51,1.83,"WB","EAP"
7,"H3",24,653,194,5,46,19.0196078431373,970,51,1.7598,"MW","EAP"
7,"A4",25,1517,195,5,46,19.1176470588235,975,51,1.89,"WB","EAP"
7,"B4",26,1124,195,5,46,19.1176470588235,975,51,1.87,"WB","EAP"
7,"C4",27,1304,196,5,46,19.2156862745098,980,51,1.89,"WB","EAP"
7,"D4",28,511,196,5,46,19.2156862745098,980,51,1.3879,"WB","JAJ"
7,"E4",29,1272,197,5,46,19.3137254901961,985,51,1.88,"WB","EAP"
7,"F4",30,1819,197,5,46,19.3137254901961,985,51,1.87,"WB","EAP"
7,"G4",31,1786,197,5,46,19.3137254901961,985,51,1.81,"WB","EAP"
7,"H4",32,1399,198,5,46,19.4117647058824,990,51,1.66,"WB","EAP"
7,"A5",33,1435,198,5,46,19.4117647058824,990,51,1.89,"WB","EAP"
7,"B5",34,82,198,5,46,19.4117647058824,990,51,1.7865,"WB","JAJ"
7,"C5",35,562,198,5,46,19.4117647058824,990,51,1.7925,"WB","JXD"
7,"D5",36,808,198,5,46,19.4117647058824,990,51,1.77,"MW","JXD"
7,"E5",37,423,200,5,46,19.6078431372549,1000,51,1.89,"WB","JAJ"
7,"F5",38,1935,200,5,46,19.6078431372549,1000,51,1.87,"WB","EAP"
7,"G5",39,1548,200,5,46,19.6078431372549,1000,51,1.88,"WB","EAP"
7,"H5",40,673,201,5,46,19.7058823529412,1005,51,1.7497,"MW","EAP"
7,"A6",41,1833,201,5,46,19.7058823529412,1005,51,1.87,"WB","EAP"
7,"B6",42,696,201,5,46,19.7058823529412,1005,51,1.88,"WB","EAP"
7,"C6",43,672,202,5,46,19.8039215686275,1010,51,1.5486,"MW","EAP"
7,"D6",44,340,203,5,46,19.9019607843137,1015,51,1.85,"WB","JAJ"
7,"E6",45,1405,203,5,46,19.9019607843137,1015,51,1.91,"WB","EAP"
7,"F6",46,585,203,5,46,19.9019607843137,1015,51,1.7834,"MW","EAP"
7,"G6",47,573,204,5,46,20,1020,51,1.88,"WB","JXD"
7,"H6",48,1701,205,5,46,20.0980392156863,1025,51,1.91,"WB","EAP"
7,"A7",49,1747,207,5,46,20.2941176470588,1035,51,1.86,"WB","EAP"
7,"B7",50,1460,208,5,46,20.3921568627451,1040,51,1.86,"WB","EAP"
7,"C7",51,1400,208,5,46,20.3921568627451,1040,51,1.86,"WB","EAP"
7,"D7",52,1765,208,5,46,20.3921568627451,1040,51,1.83,"WB","EAP"
7,"E7",53,930,209,5,46,20.4901960784314,1045,51,1.9609,"WB","JXD"
7,"F7",54,1022,210,5,46,20.5882352941176,1050,51,1.847,"WB","JXD"
7,"G7",55,213,210,5,46,20.5882352941176,1050,51,1.7109,"MW","JAJ"
7,"H7",56,1913,211,5,46,20.6862745098039,1055,51,1.88,"WB","EAP"
7,"A8",57,1937,211,5,46,20.6862745098039,1055,51,1.87,"WB","EAP"
7,"B8",58,1860,211,5,46,20.6862745098039,1055,51,1.82,"WB","EAP"
7,"C8",59,651,212,5,46,20.7843137254902,1060,51,1.8543,"WB","EAP"
7,"D8",60,1406,212,5,46,20.7843137254902,1060,51,1.89,"WB","EAP"
7,"E8",61,522,212,5,46,20.7843137254902,1060,51,1.84,"WB","JAJ"
7,"F8",62,1291,213,5,46,20.8823529411765,1065,51,1.87,"WB","EAP"
7,"G8",63,1482,213,5,46,20.8823529411765,1065,51,1.9,"WB","EAP"
7,"H8",64,1853,213,5,46,20.8823529411765,1065,51,1.83,"WB","EAP"
7,"A9",65,1681,214,5,46,20.9803921568627,1070,51,1.99,"WB","EAP"
7,"B9",66,74,214,5,46,20.9803921568627,1070,51,1.87,"WB","JAJ"
7,"C9",67,110,215,5,46,21.078431372549,1075,51,1.9059,"WB","JAJ"
7,"D9",68,1719,216,5,46,21.1764705882353,1080,51,1.91,"WB","EAP"
7,"E9",69,484,216,5,46,21.1764705882353,1080,51,1.86,"WB","JAJ"
7,"F9",70,921,216,5,46,21.1764705882353,1080,51,1.85,"MW","JXD"
7,"G9",71,177,217,5,46,21.2745098039216,1085,51,1.7316,"WB","JAJ"
7,"H9",72,372,217,5,46,21.2745098039216,1085,51,1.0067,"MW","JAJ"
7,"A10",73,1328,217,5,46,21.2745098039216,1085,51,1.87,"WB","EAP"
7,"B10",74,446,218,5,46,21.3725490196078,1090,51,1.87,"WB","JAJ"
7,"C10",75,1447,219,5,46,21.4705882352941,1095,51,1.89,"WB","EAP"
7,"D10",76,1510,219,5,46,21.4705882352941,1095,51,1.9,"WB","EAP"
7,"E10",77,1884,219,5,46,21.4705882352941,1095,51,1.83,"WB","EAP"
7,"F10",78,1852,219,5,46,21.4705882352941,1095,51,1.91,"WB","EAP"
7,"G10",79,44,220,5,46,21.5686274509804,1100,51,1.8593,"WB","JXD"
7,"H10",80,1000,220,5,46,21.5686274509804,1100,51,1.8563,"WB","JXD"
7,"A11",81,1754,222,5,46,21.7647058823529,1110,51,1.85,"WB","EAP"
7,"B11",82,882,222,5,46,21.7647058823529,1110,51,1.8954,"WB","JXD"
7,"C11",83,690,222,5,46,21.7647058823529,1110,51,1.7563,"WB","EAP"
7,"D11",84,1227,222,5,46,21.7647058823529,1110,51,1.88,"WB","EAP"
7,"E11",85,214,222,5,46,21.7647058823529,1110,51,1.5909,"MW","JAJ"
7,"F11",86,1813,223,5,46,21.8627450980392,1115,51,1.9,"WB","EAP"
7,"G11",87,1595,223,5,46,21.8627450980392,1115,51,1.88,"WB","EAP"
7,"H11",88,244,223,5,46,21.8627450980392,1115,51,1.86,"WB","JAJ"
7,"A12",89,457,223,5,46,21.8627450980392,1115,51,1.86,"WB","JAJ"
7,"B12",90,495,223,5,46,21.8627450980392,1115,51,1.89,"WB","JAJ"
7,"C12",91,753,223,5,46,21.8627450980392,1115,51,1.87,"WB","JXD"
7,"D12",92,1880,223,5,46,21.8627450980392,1115,51,1.88,"WB","EAP"
7,"E12",93,1855,224,5,46,21.9607843137255,1120,51,1.83,"WB","EAP"
7,"F12",94,1310,224,5,46,21.9607843137255,1120,51,1.87,"WB","EAP"
7,"G12",95,357,224,5,46,21.9607843137255,1120,51,1.85,"WB","JAJ"
7,"H12",96,0,NA,5,46,NA,NA,51,NA,NA,NA
8,"A1",1,337,224,5,55,18.6666666666667,1120,60,1.0637,"WB","JAJ"
8,"B1",2,1636,224,5,55,18.6666666666667,1120,60,1.9,"WB","EAP"
8,"C1",3,1185,224,5,55,18.6666666666667,1120,60,1.9,"WB","EAP"
8,"D1",4,568,225,5,55,18.75,1125,60,1.6303,"MW","EAP"
8,"E1",5,1318,225,5,55,18.75,1125,60,1.9,"WB","EAP"
8,"F1",6,699,225,5,55,18.75,1125,60,1.8797,"WB","EAP"
8,"G1",7,1233,227,5,55,18.9166666666667,1135,60,1.88,"WB","EAP"
8,"H1",8,1708,227,5,55,18.9166666666667,1135,60,1.91,"WB","EAP"
8,"A2",9,269,227,5,55,18.9166666666667,1135,60,1.84,"WB","JAJ"
8,"B2",10,1653,228,5,55,19,1140,60,1.85,"WB","EAP"
8,"C2",11,1306,228,5,55,19,1140,60,1.88,"WB","EAP"
8,"D2",12,1669,228,5,55,19,1140,60,1.9,"WB","EAP"
8,"E2",13,1616,228,5,55,19,1140,60,1.88,"WB","EAP"
8,"F2",14,160,228,5,55,19,1140,60,1.86,"WB","JAJ"
8,"G2",15,1920,229,5,55,19.0833333333333,1145,60,1.88,"WB","EAP"
8,"H2",16,1161,229,5,55,19.0833333333333,1145,60,1.87,"WB","EAP"
8,"A3",17,709,229,5,55,19.0833333333333,1145,60,1.8866,"WB","EAP"
8,"B3",18,563,230,5,55,19.1666666666667,1150,60,1.6757,"WB","JXD"
8,"C3",19,1711,230,5,55,19.1666666666667,1150,60,1.89,"WB","EAP"
8,"D3",20,1702,230,5,55,19.1666666666667,1150,60,1.89,"WB","EAP"
8,"E3",21,1091,230,5,55,19.1666666666667,1150,60,1.8635,"WB","JXD"
8,"F3",22,1483,231,5,55,19.25,1155,60,1.88,"WB","EAP"
8,"G3",23,1851,231,5,55,19.25,1155,60,1.85,"WB","EAP"
8,"H3",24,1639,231,5,55,19.25,1155,60,1.88,"WB","EAP"
8,"A4",25,1551,232,5,55,19.3333333333333,1160,60,1.91,"WB","EAP"
8,"B4",26,1773,232,5,55,19.3333333333333,1160,60,1.8,"WB","EAP"
8,"C4",27,1848,232,5,55,19.3333333333333,1160,60,1.88,"WB","EAP"
8,"D4",28,1934,232,5,55,19.3333333333333,1160,60,1.88,"WB","EAP"
8,"E4",29,652,233,5,55,19.4166666666667,1165,60,1.8565,"WB","EAP"
8,"F4",30,1576,235,5,55,19.5833333333333,1175,60,1.88,"WB","EAP"
8,"G4",31,1440,235,5,55,19.5833333333333,1175,60,1.86,"WB","EAP"
8,"H4",32,1666,235,5,55,19.5833333333333,1175,60,1.88,"WB","EAP"
8,"A5",33,846,236,5,55,19.6666666666667,1180,60,1.88,"WB","JXD"
8,"B5",34,1605,236,5,55,19.6666666666667,1180,60,1.87,"WB","EAP"
8,"C5",35,1099,237,5,55,19.75,1185,60,1.84,"WB","JXD"
8,"D5",36,872,237,5,55,19.75,1185,60,1.8572,"WB","JXD"
8,"E5",37,940,237,5,55,19.75,1185,60,1.9216,"WB","JXD"
8,"F5",38,1432,237,5,55,19.75,1185,60,1.88,"WB","EAP"
8,"G5",39,1652,238,5,55,19.8333333333333,1190,60,1.86,"WB","EAP"
8,"H5",40,1164,238,5,55,19.8333333333333,1190,60,1.89,"WB","EAP"
8,"A6",41,757,238,5,55,19.8333333333333,1190,60,1.8919,"WB","JXD"
8,"B6",42,1643,239,5,55,19.9166666666667,1195,60,1.87,"WB","EAP"
8,"C6",43,1521,239,5,55,19.9166666666667,1195,60,1.89,"WB","EAP"
8,"D6",44,1351,239,5,55,19.9166666666667,1195,60,1.9,"WB","EAP"
8,"E6",45,994,239,5,55,19.9166666666667,1195,60,1.9228,"WB","ALG"
8,"F6",46,1722,240,5,55,20,1200,60,1.91,"WB","EAP"
8,"G6",47,1395,240,5,55,20,1200,60,1.89,"WB","EAP"
8,"H6",48,1391,241,5,55,20.0833333333333,1205,60,1.89,"WB","EAP"
8,"A7",49,1579,241,5,55,20.0833333333333,1205,60,1.87,"WB","EAP"
8,"B7",50,1533,241,5,55,20.0833333333333,1205,60,1.86,"WB","EAP"
8,"C7",51,159,241,5,55,20.0833333333333,1205,60,1.87,"WB","JAJ"
8,"D7",52,1494,241,5,55,20.0833333333333,1205,60,1.89,"WB","EAP"
8,"E7",53,80,241,5,55,20.0833333333333,1205,60,1.7341,"WB","JAJ"
8,"F7",54,1433,242,5,55,20.1666666666667,1210,60,1.76,"MW","EAP"
8,"G7",55,668,242,5,55,20.1666666666667,1210,60,1.8684,"WB","EAP"
8,"H7",56,763,242,5,55,20.1666666666667,1210,60,1.8714,"WB","JXD"
8,"A8",57,1865,242,5,55,20.1666666666667,1210,60,1.86,"WB","EAP"
8,"B8",58,1762,243,5,55,20.25,1215,60,1.87,"WB","EAP"
8,"C8",59,1489,243,5,55,20.25,1215,60,1.89,"WB","EAP"
8,"D8",60,1888,243,5,55,20.25,1215,60,1.88,"WB","EAP"
8,"E8",61,1601,243,5,55,20.25,1215,60,1.87,"WB","EAP"
8,"F8",62,1674,244,5,55,20.3333333333333,1220,60,1.91,"WB","EAP"
8,"G8",63,1947,245,5,55,20.4166666666667,1225,60,1.89,"WB","EAP"
8,"H8",64,391,245,5,55,20.4166666666667,1225,60,1.4677,"MW","JAJ"
8,"A9",65,474,245,5,55,20.4166666666667,1225,60,1.88,"WB","JAJ"
8,"B9",66,1662,246,5,55,20.5,1230,60,1.89,"WB","EAP"
8,"C9",67,1698,247,5,55,20.5833333333333,1235,60,1.9,"WB","EAP"
8,"D9",68,1413,248,5,55,20.6666666666667,1240,60,1.88,"WB","EAP"
8,"E9",69,271,248,5,55,20.6666666666667,1240,60,1.83,"WB","JAJ"
8,"F9",70,1452,248,5,55,20.6666666666667,1240,60,1.88,"WB","EAP"
8,"G9",71,1122,248,5,55,20.6666666666667,1240,60,1.86,"WB","EAP"
8,"H9",72,1798,248,5,55,20.6666666666667,1240,60,1.89,"WB","EAP"
8,"A10",73,1767,248,5,55,20.6666666666667,1240,60,1.83,"WB","EAP"
8,"B10",74,1805,249,5,55,20.75,1245,60,1.87,"WB","EAP"
8,"C10",75,1553,249,5,55,20.75,1245,60,1.87,"WB","EAP"
8,"D10",76,1071,250,5,55,20.8333333333333,1250,60,1.82,"WB","JXD"
8,"E10",77,1308,250,5,55,20.8333333333333,1250,60,1.89,"WB","EAP"
8,"F10",78,1502,250,5,55,20.8333333333333,1250,60,1.89,"WB","EAP"
8,"G10",79,1556,250,5,55,20.8333333333333,1250,60,1.89,"WB","EAP"
8,"H10",80,1260,250,5,55,20.8333333333333,1250,60,1.9,"WB","EAP"
8,"A11",81,1737,250,5,55,20.8333333333333,1250,60,1.87,"WB","EAP"
8,"B11",82,1320,251,5,55,20.9166666666667,1255,60,1.89,"WB","EAP"
8,"C11",83,1655,251,5,55,20.9166666666667,1255,60,1.89,"WB","EAP"
8,"D11",84,1176,251,5,55,20.9166666666667,1255,60,1.9,"WB","EAP"
8,"E11",85,1174,251,5,55,20.9166666666667,1255,60,1.88,"WB","EAP"
8,"F11",86,1676,251,5,55,20.9166666666667,1255,60,1.89,"WB","EAP"
8,"G11",87,895,252,5,55,21,1260,60,1.9313,"WB","JXD"
8,"H11",88,1911,252,5,55,21,1260,60,1.85,"WB","EAP"
8,"A12",89,1846,253,5,55,21.0833333333333,1265,60,1.85,"WB","EAP"
8,"B12",90,455,253,5,55,21.0833333333333,1265,60,1.87,"WB","JAJ"
8,"C12",91,0,NA,5,55,NA,NA,60,NA,NA,NA
8,"D12",92,1327,253,5,55,21.0833333333333,1265,60,1.88,"WB","EAP"
8,"E12",93,1874,254,5,55,21.1666666666667,1270,60,1.85,"WB","EAP"
8,"F12",94,1338,254,5,55,21.1666666666667,1270,60,1.9,"WB","EAP"
8,"G12",95,1282,254,5,55,21.1666666666667,1270,60,1.9,"WB","EAP"
8,"H12",96,1741,254,5,55,21.1666666666667,1270,60,1.85,"WB","EAP"
9,"A1",1,241,254,5,64,18.4057971014493,1270,69,1.86,"WB","JAJ"
9,"B1",2,1542,255,5,64,18.4782608695652,1275,69,1.88,"WB","EAP"
9,"C1",3,1953,256,5,64,18.5507246376812,1280,69,1.9,"WB","EAP"
9,"D1",4,1014,257,5,64,18.6231884057971,1285,69,1.8765,"WB","JXD"
9,"E1",5,1626,258,5,64,18.695652173913,1290,69,1.87,"WB","EAP"
9,"F1",6,1638,258,5,64,18.695652173913,1290,69,1.86,"WB","EAP"
9,"G1",7,1523,259,5,64,18.768115942029,1295,69,1.86,"WB","EAP"
9,"H1",8,131,259,5,64,18.768115942029,1295,69,1.87,"WB","JAJ"
9,"A2",9,1498,259,5,64,18.768115942029,1295,69,1.9,"WB","EAP"
9,"B2",10,1054,259,5,64,18.768115942029,1295,69,1.88,"WB","JXD"
9,"C2",11,1656,260,5,64,18.8405797101449,1300,69,1.87,"WB","EAP"
9,"D2",12,1305,261,5,64,18.9130434782609,1305,69,1.88,"WB","EAP"
9,"E2",13,1478,262,5,64,18.9855072463768,1310,69,1.89,"WB","EAP"
9,"F2",14,1588,262,5,64,18.9855072463768,1310,69,1.88,"WB","EAP"
9,"G2",15,1492,263,5,64,19.0579710144928,1315,69,1.88,"WB","EAP"
9,"H2",16,1500,264,5,64,19.1304347826087,1320,69,1.89,"WB","EAP"
9,"A3",17,138,264,5,64,19.1304347826087,1320,69,2.9118,"WB","JAJ"
9,"B3",18,1723,265,5,64,19.2028985507246,1325,69,1.9,"WB","EAP"
9,"C3",19,1163,265,5,64,19.2028985507246,1325,69,1.9,"WB","EAP"
9,"D3",20,1966,266,5,64,19.2753623188406,1330,69,1.89,"WB","EAP"
9,"E3",21,1068,266,5,64,19.2753623188406,1330,69,1.88,"WB","JXD"
9,"F3",22,596,266,5,64,19.2753623188406,1330,69,1.7287,"MW","EAP"
9,"G3",23,1648,266,5,64,19.2753623188406,1330,69,1.86,"WB","EAP"
9,"H3",24,1236,266,5,64,19.2753623188406,1330,69,1.88,"WB","EAP"
9,"A4",25,153,267,5,64,19.3478260869565,1335,69,1.88,"WB","JAJ"
9,"B4",26,1316,268,5,64,19.4202898550725,1340,69,1.89,"WB","EAP"
9,"C4",27,1959,268,5,64,19.4202898550725,1340,69,1.9,"WB","EAP"
9,"D4",28,1818,268,5,64,19.4202898550725,1340,69,1.89,"WB","EAP"
9,"E4",29,1155,268,5,64,19.4202898550725,1340,69,1.87,"WB","EAP"
9,"F4",30,1368,268,5,64,19.4202898550725,1340,69,1.88,"WB","EAP"
9,"G4",31,517,269,5,64,19.4927536231884,1345,69,1.9052,"WB","JAJ"
9,"H4",32,107,270,5,64,19.5652173913043,1350,69,1.3588,"WB","JAJ"
9,"A5",33,1300,270,5,64,19.5652173913043,1350,69,1.87,"WB","EAP"
9,"B5",34,861,270,5,64,19.5652173913043,1350,69,1.8541,"WB","JXD"
9,"C5",35,1753,271,5,64,19.6376811594203,1355,69,1.86,"WB","EAP"
9,"D5",36,1590,272,5,64,19.7101449275362,1360,69,1.86,"WB","EAP"
9,"E5",37,905,272,5,64,19.7101449275362,1360,69,1.9248,"WB","JXD"
9,"F5",38,870,272,5,64,19.7101449275362,1360,69,1.873,"WB","JXD"
9,"G5",39,1930,272,5,64,19.7101449275362,1360,69,1.87,"WB","EAP"
9,"H5",40,152,272,5,64,19.7101449275362,1360,69,1.88,"WB","JAJ"
9,"A6",41,1325,272,5,64,19.7101449275362,1360,69,1.88,"WB","EAP"
9,"B6",42,1003,273,5,64,19.7826086956522,1365,69,1.89,"WB","JXD"
9,"C6",43,251,273,5,64,19.7826086956522,1365,69,1.85,"WB","JAJ"
9,"D6",44,1222,273,5,64,19.7826086956522,1365,69,1.88,"WB","EAP"
9,"E6",45,470,273,5,64,19.7826086956522,1365,69,1.88,"WB","JAJ"
9,"F6",46,545,274,5,64,19.8550724637681,1370,69,1.7945,"WB","EAP"
9,"G6",47,1307,274,5,64,19.8550724637681,1370,69,1.87,"WB","EAP"
9,"H6",48,920,274,5,64,19.8550724637681,1370,69,1.88,"WB","JXD"
9,"A7",49,1296,275,5,64,19.9275362318841,1375,69,1.9,"WB","EAP"
9,"B7",50,1560,276,5,64,20,1380,69,1.89,"WB","EAP"
9,"C7",51,1742,276,5,64,20,1380,69,1.87,"WB","EAP"
9,"D7",52,1012,276,5,64,20,1380,69,1.8625,"WB","JXD"
9,"E7",53,1301,276,5,64,20,1380,69,1.88,"WB","EAP"
9,"F7",54,1156,278,5,64,20.1449275362319,1390,69,1.87,"WB","EAP"
9,"G7",55,1392,278,5,64,20.1449275362319,1390,69,1.89,"WB","EAP"
9,"H7",56,850,278,5,64,20.1449275362319,1390,69,1.8647,"WB","JXD"
9,"A8",57,473,278,5,64,20.1449275362319,1390,69,1.88,"WB","JAJ"
9,"B8",58,1100,278,5,64,20.1449275362319,1390,69,1.87,"WB","JXD"
9,"C8",59,42,279,5,64,20.2173913043478,1395,69,1.8618,"WB","JXD"
9,"D8",60,267,279,5,64,20.2173913043478,1395,69,1.872,"WB","JAJ"
9,"E8",61,1879,279,5,64,20.2173913043478,1395,69,1.88,"WB","EAP"
9,"F8",62,1493,279,5,64,20.2173913043478,1395,69,1.89,"WB","EAP"
9,"G8",63,95,280,5,64,20.2898550724638,1400,69,1.8258,"WB","JAJ"
9,"H8",64,1979,280,5,64,20.2898550724638,1400,69,1.91,"WB","EAP"
9,"A9",65,1926,280,5,64,20.2898550724638,1400,69,1.86,"WB","EAP"
9,"B9",66,1487,280,5,64,20.2898550724638,1400,69,1.88,"WB","EAP"
9,"C9",67,1179,281,5,64,20.3623188405797,1405,69,1.89,"WB","EAP"
9,"D9",68,1745,281,5,64,20.3623188405797,1405,69,1.87,"WB","EAP"
9,"E9",69,1002,281,5,64,20.3623188405797,1405,69,1.8501,"WB","JXD"
9,"F9",70,909,281,5,64,20.3623188405797,1405,69,1.9182,"WB","JXD"
9,"G9",71,630,282,5,64,20.4347826086957,1410,69,1.8749,"WB","JXD"
9,"H9",72,0,NA,5,64,NA,NA,69,NA,NA,NA
9,"A10",73,1073,282,5,64,20.4347826086957,1410,69,1.8485,"WB","JXD"
9,"B10",74,1962,282,5,64,20.4347826086957,1410,69,1.89,"WB","EAP"
9,"C10",75,847,283,5,64,20.5072463768116,1415,69,1.8571,"WB","JXD"
9,"D10",76,1931,283,5,64,20.5072463768116,1415,69,1.87,"WB","EAP"
9,"E10",77,1504,284,5,64,20.5797101449275,1420,69,1.9,"WB","EAP"
9,"F10",78,1366,284,5,64,20.5797101449275,1420,69,1.89,"WB","EAP"
9,"G10",79,1464,284,5,64,20.5797101449275,1420,69,1.88,"WB","EAP"
9,"H10",80,756,285,5,64,20.6521739130435,1425,69,1.86,"WB","JXD"
9,"A11",81,104,285,5,64,20.6521739130435,1425,69,1.88,"WB","JAJ"
9,"B11",82,205,285,5,64,20.6521739130435,1425,69,1.84,"WB","JAJ"
9,"C11",83,1269,286,5,64,20.7246376811594,1430,69,1.87,"WB","EAP"
9,"D11",84,496,286,5,64,20.7246376811594,1430,69,2.0838,"WB","JAJ"
9,"E11",85,1707,287,5,64,20.7971014492754,1435,69,1.9,"WB","EAP"
9,"F11",86,1427,287,5,64,20.7971014492754,1435,69,1.88,"WB","EAP"
9,"G11",87,1219,287,5,64,20.7971014492754,1435,69,1.91,"WB","EAP"
9,"H11",88,766,287,5,64,20.7971014492754,1435,69,1.8593,"WB","JXD"
9,"A12",89,1859,288,5,64,20.8695652173913,1440,69,1.9,"WB","EAP"
9,"B12",90,1695,288,5,64,20.8695652173913,1440,69,1.9,"WB","EAP"
9,"C12",91,1763,288,5,64,20.8695652173913,1440,69,1.87,"WB","EAP"
9,"D12",92,1630,288,5,64,20.8695652173913,1440,69,1.88,"WB","EAP"
9,"E12",93,1103,289,5,64,20.9420289855072,1445,69,1.87,"WB","JXD"
9,"F12",94,1267,289,5,64,20.9420289855072,1445,69,1.88,"WB","EAP"
9,"G12",95,1717,290,5,64,21.0144927536232,1450,69,1.9,"WB","EAP"
9,"H12",96,266,291,5,64,21.0869565217391,1455,69,1.8559,"WB","JAJ"
10,"A1",1,1684,291,5,72,18.8961038961039,1455,77,1.91,"WB","EAP"
10,"B1",2,380,291,5,72,18.8961038961039,1455,77,1.84,"WB","JAJ"
10,"C1",3,1718,292,5,72,18.961038961039,1460,77,1.88,"WB","EAP"
10,"D1",4,1418,292,5,72,18.961038961039,1460,77,1.87,"WB","EAP"
10,"E1",5,1619,293,5,72,19.025974025974,1465,77,1.87,"WB","EAP"
10,"F1",6,1372,293,5,72,19.025974025974,1465,77,1.87,"WB","EAP"
10,"G1",7,121,293,5,72,19.025974025974,1465,77,1.7132,"WB","JAJ"
10,"H1",8,581,294,5,72,19.0909090909091,1470,77,1.8834,"WB","JXD"
10,"A2",9,243,294,5,72,19.0909090909091,1470,77,1.84,"WB","JAJ"
10,"B2",10,1978,295,5,72,19.1558441558442,1475,77,1.88,"WB","EAP"
10,"C2",11,1955,295,5,72,19.1558441558442,1475,77,1.9,"WB","EAP"
10,"D2",12,1055,295,5,72,19.1558441558442,1475,77,1.89,"WB","JXD"
10,"E2",13,76,295,5,72,19.1558441558442,1475,77,1.88,"WB","JAJ"
10,"F2",14,1863,296,5,72,19.2207792207792,1480,77,1.84,"WB","EAP"
10,"G2",15,1647,296,5,72,19.2207792207792,1480,77,1.87,"WB","EAP"
10,"H2",16,1167,296,5,72,19.2207792207792,1480,77,1.87,"WB","EAP"
10,"A3",17,182,296,5,72,19.2207792207792,1480,77,1.85,"WB","JAJ"
10,"B3",18,1428,297,5,72,19.2857142857143,1485,77,1.86,"WB","EAP"
10,"C3",19,505,297,5,72,19.2857142857143,1485,77,1.7596,"WB","JAJ"
10,"D3",20,18,297,5,72,19.2857142857143,1485,77,1.9158,"WB","FJB"
10,"E3",21,30,297,5,72,19.2857142857143,1485,77,1.87,"WB","JXD"
10,"F3",22,1311,297,5,72,19.2857142857143,1485,77,1.9,"WB","EAP"
10,"G3",23,1714,298,5,72,19.3506493506494,1490,77,1.9,"WB","EAP"
10,"H3",24,536,298,5,72,19.3506493506494,1490,77,1.6303,"MW","EAP"
10,"A4",25,1371,298,5,72,19.3506493506494,1490,77,1.88,"WB","EAP"
10,"B4",26,1904,299,5,72,19.4155844155844,1495,77,1.87,"WB","EAP"
10,"C4",27,1645,299,5,72,19.4155844155844,1495,77,1.88,"WB","EAP"
10,"D4",28,460,299,5,72,19.4155844155844,1495,77,1.89,"WB","JAJ"
10,"E4",29,1670,299,5,72,19.4155844155844,1495,77,1.89,"WB","EAP"
10,"F4",30,1907,300,5,72,19.4805194805195,1500,77,1.87,"WB","EAP"
10,"G4",31,1518,300,5,72,19.4805194805195,1500,77,1.88,"WB","EAP"
10,"H4",32,1485,301,5,72,19.5454545454545,1505,77,1.9,"WB","EAP"
10,"A5",33,918,301,5,72,19.5454545454545,1505,77,1.9,"WB","JXD"
10,"B5",34,1344,301,5,72,19.5454545454545,1505,77,1.88,"WB","EAP"
10,"C5",35,1295,302,5,72,19.6103896103896,1510,77,1.89,"WB","EAP"
10,"D5",36,1057,303,5,72,19.6753246753247,1515,77,1.88,"WB","JXD"
10,"E5",37,1069,304,5,72,19.7402597402597,1520,77,1.86,"WB","JXD"
10,"F5",38,1293,305,5,72,19.8051948051948,1525,77,1.88,"WB","EAP"
10,"G5",39,1360,306,5,72,19.8701298701299,1530,77,1.88,"WB","EAP"
10,"H5",40,1743,306,5,72,19.8701298701299,1530,77,1.87,"WB","EAP"
10,"A6",41,1580,306,5,72,19.8701298701299,1530,77,1.87,"WB","EAP"
10,"B6",42,1312,306,5,72,19.8701298701299,1530,77,1.88,"WB","EAP"
10,"C6",43,1065,306,5,72,19.8701298701299,1530,77,1.85,"WB","JXD"
10,"D6",44,1866,306,5,72,19.8701298701299,1530,77,1.89,"WB","EAP"
10,"E6",45,1480,307,5,72,19.9350649350649,1535,77,1.88,"WB","EAP"
10,"F6",46,1685,307,5,72,19.9350649350649,1535,77,1.89,"WB","EAP"
10,"G6",47,1720,307,5,72,19.9350649350649,1535,77,1.89,"WB","EAP"
10,"H6",48,1084,308,5,72,20,1540,77,1.87,"WB","JXD"
10,"A7",49,1381,308,5,72,20,1540,77,1.89,"WB","EAP"
10,"B7",50,360,308,5,72,20,1540,77,1.83,"WB","JAJ"
10,"C7",51,1615,309,5,72,20.0649350649351,1545,77,1.88,"WB","EAP"
10,"D7",52,157,309,5,72,20.0649350649351,1545,77,1.88,"WB","JAJ"
10,"E7",53,1168,309,5,72,20.0649350649351,1545,77,1.9,"WB","EAP"
10,"F7",54,1733,309,5,72,20.0649350649351,1545,77,1.91,"WB","EAP"
10,"G7",55,1795,310,5,72,20.1298701298701,1550,77,1.88,"WB","EAP"
10,"H7",56,1617,310,5,72,20.1298701298701,1550,77,1.85,"WB","EAP"
10,"A8",57,570,310,5,72,20.1298701298701,1550,77,1.86,"WB","EAP"
10,"B8",58,1706,311,5,72,20.1948051948052,1555,77,1.89,"WB","EAP"
10,"C8",59,75,311,5,72,20.1948051948052,1555,77,1.87,"WB","JAJ"
10,"D8",60,755,312,5,72,20.2597402597403,1560,77,1.87,"WB","JXD"
10,"E8",61,96,312,5,72,20.2597402597403,1560,77,1.5335,"WB","JAJ"
10,"F8",62,427,312,5,72,20.2597402597403,1560,77,1.88,"WB","JAJ"
10,"G8",63,567,312,5,72,20.2597402597403,1560,77,1.7026,"MW","EAP"
10,"H8",64,0,NA,5,72,NA,NA,77,NA,NA,NA
10,"A9",65,1577,312,5,72,20.2597402597403,1560,77,1.88,"WB","EAP"
10,"B9",66,416,314,5,72,20.3896103896104,1570,77,1.88,"WB","JAJ"
10,"C9",67,1562,314,5,72,20.3896103896104,1570,77,1.87,"WB","EAP"
10,"D9",68,1861,314,5,72,20.3896103896104,1570,77,1.85,"WB","EAP"
10,"E9",69,844,315,5,72,20.4545454545455,1575,77,1.8514,"WB","JXD"
10,"F9",70,438,315,5,72,20.4545454545455,1575,77,1.7128,"WB","JAJ"
10,"G9",71,481,316,5,72,20.5194805194805,1580,77,1.3223,"MW","JAJ"
10,"H9",72,2,316,5,72,20.5194805194805,1580,77,1.88,"WB","JXD"
10,"A10",73,1495,317,5,72,20.5844155844156,1585,77,1.88,"WB","EAP"
10,"B10",74,1261,317,5,72,20.5844155844156,1585,77,1.91,"WB","EAP"
10,"C10",75,1339,317,5,72,20.5844155844156,1585,77,1.91,"WB","EAP"
10,"D10",76,1203,317,5,72,20.5844155844156,1585,77,1.9,"WB","EAP"
10,"E10",77,1350,317,5,72,20.5844155844156,1585,77,1.89,"WB","EAP"
10,"F10",78,1815,318,5,72,20.6493506493506,1590,77,1.88,"WB","EAP"
10,"G10",79,206,318,5,72,20.6493506493506,1590,77,1.85,"WB","JAJ"
10,"H10",80,33,318,5,72,20.6493506493506,1590,77,1.7995,"WB","JXD"
10,"A11",81,860,319,5,72,20.7142857142857,1595,77,1.873,"WB","JXD"
10,"B11",82,1917,319,5,72,20.7142857142857,1595,77,1.88,"WB","EAP"
10,"C11",83,1398,319,5,72,20.7142857142857,1595,77,1.87,"WB","EAP"
10,"D11",84,1659,319,5,72,20.7142857142857,1595,77,1.88,"WB","EAP"
10,"E11",85,1410,320,5,72,20.7792207792208,1600,77,1.88,"WB","EAP"
10,"F11",86,132,320,5,72,20.7792207792208,1600,77,1.89,"WB","JAJ"
10,"G11",87,1621,320,5,72,20.7792207792208,1600,77,1.85,"WB","EAP"
10,"H11",88,1470,320,5,72,20.7792207792208,1600,77,1.86,"WB","EAP"
10,"A12",89,1814,322,5,72,20.9090909090909,1610,77,1.89,"WB","EAP"
10,"B12",90,1727,322,5,72,20.9090909090909,1610,77,1.9,"WB","EAP"
10,"C12",91,1586,322,5,72,20.9090909090909,1610,77,1.87,"WB","EAP"
10,"D12",92,897,322,5,72,20.9090909090909,1610,77,1.87,"WB","JXD"
10,"E12",93,1154,323,5,72,20.974025974026,1615,77,1.87,"WB","EAP"
10,"F12",94,317,324,5,72,21.038961038961,1620,77,1.8492,"WB","JAJ"
10,"G12",95,520,324,5,72,21.038961038961,1620,77,1.85,"WB","JAJ"
10,"H12",96,1527,325,5,72,21.1038961038961,1625,77,1.89,"WB","EAP"
11,"A1",1,1558,325,5,83,18.4659090909091,1625,88,1.88,"WB","EAP"
11,"B1",2,1583,325,5,83,18.4659090909091,1625,88,1.88,"WB","EAP"
11,"C1",3,1075,325,5,83,18.4659090909091,1625,88,1.82,"WB","JXD"
11,"D1",4,600,325,5,83,18.4659090909091,1625,88,1.7925,"MW","JXD"
11,"E1",5,233,326,5,83,18.5227272727273,1630,88,1.5895,"MW","JAJ"
11,"F1",6,671,327,5,83,18.5795454545455,1635,88,1.8694,"WB","EAP"
11,"G1",7,1187,327,5,83,18.5795454545455,1635,88,1.9,"WB","EAP"
11,"H1",8,1513,329,5,83,18.6931818181818,1645,88,1.89,"WB","EAP"
11,"A2",9,1940,329,5,83,18.6931818181818,1645,88,1.91,"WB","EAP"
11,"B2",10,932,330,5,83,18.75,1650,88,1.9461,"WB","JXD"
11,"C2",11,1105,330,5,83,18.75,1650,88,1.86,"WB","JXD"
11,"D2",12,1908,331,5,83,18.8068181818182,1655,88,1.87,"WB","EAP"
11,"E2",13,642,331,5,83,18.8068181818182,1655,88,1.857,"WB","JXD"
11,"F2",14,1867,331,5,83,18.8068181818182,1655,88,1.89,"WB","EAP"
11,"G2",15,1898,332,5,83,18.8636363636364,1660,88,1.89,"WB","EAP"
11,"H2",16,1520,333,5,83,18.9204545454545,1665,88,1.89,"WB","EAP"
11,"A3",17,1166,333,5,83,18.9204545454545,1665,88,1.88,"WB","EAP"
11,"B3",18,1141,333,5,83,18.9204545454545,1665,88,1.82,"WB","EAP"
11,"C3",19,1062,334,5,83,18.9772727272727,1670,88,1.85,"WB","JXD"
11,"D3",20,217,335,5,83,19.0340909090909,1675,88,1.3295,"MW","JAJ"
11,"E3",21,1610,335,5,83,19.0340909090909,1675,88,1.86,"WB","EAP"
11,"F3",22,1362,336,5,83,19.0909090909091,1680,88,1.88,"WB","EAP"
11,"G3",23,1041,336,5,83,19.0909090909091,1680,88,1.8447,"WB","JXD"
11,"H3",24,1923,336,5,83,19.0909090909091,1680,88,1.88,"WB","EAP"
11,"A4",25,1591,336,5,83,19.0909090909091,1680,88,1.87,"WB","EAP"
11,"B4",26,53,337,5,83,19.1477272727273,1685,88,1.8716,"WB","JXD"
11,"C4",27,1265,337,5,83,19.1477272727273,1685,88,1.87,"WB","EAP"
11,"D4",28,239,339,5,83,19.2613636363636,1695,88,1.86,"WB","JAJ"
11,"E4",29,461,340,5,83,19.3181818181818,1700,88,1.87,"WB","JAJ"
11,"F4",30,907,341,5,83,19.375,1705,88,1.9445,"WB","JXD"
11,"G4",31,171,342,5,83,19.4318181818182,1710,88,1.859,"WB","JAJ"
11,"H4",32,1037,344,5,83,19.5454545454545,1720,88,1.87,"WB","JXD"
11,"A5",33,1169,344,5,83,19.5454545454545,1720,88,1.89,"WB","EAP"
11,"B5",34,1129,345,5,83,19.6022727272727,1725,88,1.86,"WB","EAP"
11,"C5",35,295,346,5,83,19.6590909090909,1730,88,1.82,"WB","JAJ"
11,"D5",36,785,346,5,83,19.6590909090909,1730,88,1.88,"WB","JXD"
11,"E5",37,1850,346,5,83,19.6590909090909,1730,88,1.87,"WB","EAP"
11,"F5",38,677,347,5,83,19.7159090909091,1735,88,1.88,"WB","EAP"
11,"G5",39,925,347,5,83,19.7159090909091,1735,88,1.943,"WB","JXD"
11,"H5",40,546,348,5,83,19.7727272727273,1740,88,2.7255,"WB","EAP"
11,"A6",41,911,348,5,83,19.7727272727273,1740,88,1.7846,"MW","JXD"
11,"B6",42,1192,348,5,83,19.7727272727273,1740,88,1.87,"WB","EAP"
11,"C6",43,1668,349,5,83,19.8295454545455,1745,88,1.9,"WB","EAP"
11,"D6",44,1593,350,5,83,19.8863636363636,1750,88,1.87,"WB","EAP"
11,"E6",45,1890,350,5,83,19.8863636363636,1750,88,1.87,"WB","EAP"
11,"F6",46,1756,350,5,83,19.8863636363636,1750,88,1.84,"WB","EAP"
11,"G6",47,1468,350,5,83,19.8863636363636,1750,88,1.87,"WB","EAP"
11,"H6",48,1781,351,5,83,19.9431818181818,1755,88,1.84,"WB","EAP"
11,"A7",49,1119,352,5,83,20,1760,88,1.85,"WB","EAP"
11,"B7",50,657,352,5,83,20,1760,88,1.8686,"WB","EAP"
11,"C7",51,1442,354,5,83,20.1136363636364,1770,88,1.88,"WB","EAP"
11,"D7",52,1844,354,5,83,20.1136363636364,1770,88,1.88,"WB","EAP"
11,"E7",53,293,355,5,83,20.1704545454545,1775,88,1.84,"WB","JAJ"
11,"F7",54,1841,356,5,83,20.2272727272727,1780,88,1.87,"WB","EAP"
11,"G7",55,1641,356,5,83,20.2272727272727,1780,88,1.83,"WB","EAP"
11,"H7",56,1603,357,5,83,20.2840909090909,1785,88,1.88,"WB","EAP"
11,"A8",57,1739,357,5,83,20.2840909090909,1785,88,1.87,"WB","EAP"
11,"B8",58,990,359,5,83,20.3977272727273,1795,88,1.92,"WB","ALG"
11,"C8",59,751,359,5,83,20.3977272727273,1795,88,1.849,"WB","JXD"
11,"D8",60,199,360,5,83,20.4545454545455,1800,88,1.84,"WB","JAJ"
11,"E8",61,513,360,5,83,20.4545454545455,1800,88,1.2757,"MW","JAJ"
11,"F8",62,257,361,5,83,20.5113636363636,1805,88,1.7723,"MW","JAJ"
11,"G8",63,1895,362,5,83,20.5681818181818,1810,88,1.87,"WB","EAP"
11,"H8",64,1734,362,5,83,20.5681818181818,1810,88,1.89,"WB","EAP"
11,"A9",65,1532,363,5,83,20.625,1815,88,1.88,"WB","EAP"
11,"B9",66,1883,366,5,83,20.7954545454545,1830,88,1.9,"WB","EAP"
11,"C9",67,1525,366,5,83,20.7954545454545,1830,88,1.88,"WB","EAP"
11,"D9",68,179,366,5,83,20.7954545454545,1830,88,1.84,"WB","JAJ"
11,"E9",69,845,366,5,83,20.7954545454545,1830,88,1.88,"WB","JXD"
11,"F9",70,1315,367,5,83,20.8522727272727,1835,88,1.89,"WB","EAP"
11,"G9",71,1066,369,5,83,20.9659090909091,1845,88,1.85,"WB","JXD"
11,"H9",72,433,369,5,83,20.9659090909091,1845,88,1.8305,"WB","JAJ"
11,"A10",73,1139,370,5,83,21.0227272727273,1850,88,1.84,"WB","EAP"
11,"B10",74,817,370,5,83,21.0227272727273,1850,88,1.5488,"MW","JXD"
11,"C10",75,877,370,5,83,21.0227272727273,1850,88,1.8463,"WB","JXD"
11,"D10",76,1299,371,5,83,21.0795454545455,1855,88,1.89,"WB","EAP"
11,"E10",77,1331,371,5,83,21.0795454545455,1855,88,1.89,"WB","EAP"
11,"F10",78,1199,371,5,83,21.0795454545455,1855,88,1.9,"WB","EAP"
11,"G10",79,0,NA,5,83,NA,NA,88,NA,NA,NA
11,"H10",80,1905,371,5,83,21.0795454545455,1855,88,1.84,"WB","EAP"
11,"A11",81,894,373,5,83,21.1931818181818,1865,88,1.9187,"WB","JXD"
11,"B11",82,682,374,5,83,21.25,1870,88,1.87,"WB","EAP"
11,"C11",83,1080,374,5,83,21.25,1870,88,1.8416,"WB","JXD"
11,"D11",84,917,374,5,83,21.25,1870,88,1.9166,"WB","JXD"
11,"E11",85,1503,375,5,83,21.3068181818182,1875,88,1.88,"WB","EAP"
11,"F11",86,748,376,5,83,21.3636363636364,1880,88,1.8779,"WB","JXD"
11,"G11",87,1963,377,5,83,21.4204545454545,1885,88,1.89,"WB","EAP"
11,"H11",88,1663,378,5,83,21.4772727272727,1890,88,1.87,"WB","EAP"
11,"A12",89,1025,378,5,83,21.4772727272727,1890,88,1.8196,"WB","JXD"
11,"B12",90,130,382,5,83,21.7045454545455,1910,88,1.88,"WB","JAJ"
11,"C12",91,1444,383,5,83,21.7613636363636,1915,88,1.88,"WB","EAP"
11,"D12",92,707,383,5,83,21.7613636363636,1915,88,1.8922,"WB","EAP"
11,"E12",93,898,384,5,83,21.8181818181818,1920,88,1.8927,"WB","JXD"
11,"F12",94,487,384,5,83,21.8181818181818,1920,88,1.753,"WB","JAJ"
11,"G12",95,550,385,5,83,21.875,1925,88,1.7281,"WB","EAP"
11,"H12",96,1424,386,5,83,21.9318181818182,1930,88,1.89,"WB","EAP"
12,"A1",1,1550,386,5,102,18.0373831775701,1930,107,1.89,"WB","EAP"
12,"B1",2,1454,386,5,102,18.0373831775701,1930,107,1.88,"WB","EAP"
12,"C1",3,1634,386,5,102,18.0373831775701,1930,107,1.86,"WB","EAP"
12,"D1",4,1728,388,5,102,18.1308411214953,1940,107,1.9,"WB","EAP"
12,"E1",5,16,388,5,102,18.1308411214953,1940,107,1.88,"WB","FJB"
12,"F1",6,1783,389,5,102,18.1775700934579,1945,107,1.83,"WB","EAP"
12,"G1",7,1876,390,5,102,18.2242990654206,1950,107,1.86,"WB","EAP"
12,"H1",8,219,390,5,102,18.2242990654206,1950,107,1.4087,"MW","JAJ"
12,"A2",9,667,392,5,102,18.3177570093458,1960,107,1.88,"WB","EAP"
12,"B2",10,1575,393,5,102,18.3644859813084,1965,107,1.87,"WB","EAP"
12,"C2",11,1266,394,5,102,18.411214953271,1970,107,1.86,"WB","EAP"
12,"D2",12,93,395,5,102,18.4579439252336,1975,107,1.9003,"WB","JAJ"
12,"E2",13,1625,395,5,102,18.4579439252336,1975,107,1.85,"WB","EAP"
12,"F2",14,1650,396,5,102,18.5046728971963,1980,107,1.87,"WB","EAP"
12,"G2",15,119,396,5,102,18.5046728971963,1980,107,2.0639,"WB","JAJ"
12,"H2",16,525,396,5,102,18.5046728971963,1980,107,1.0853,"MW","JAJ"
12,"A3",17,577,396,5,102,18.5046728971963,1980,107,1.88,"WB","EAP"
12,"B3",18,1952,398,5,102,18.5981308411215,1990,107,1.87,"WB","EAP"
12,"C3",19,873,398,5,102,18.5981308411215,1990,107,1.8534,"WB","JXD"
12,"D3",20,68,399,5,102,18.6448598130841,1995,107,1.8274,"WB","JAJ"
12,"E3",21,1957,400,5,102,18.6915887850467,2000,107,1.88,"WB","EAP"
12,"F3",22,1337,400,5,102,18.6915887850467,2000,107,1.88,"WB","EAP"
12,"G3",23,1111,402,5,102,18.785046728972,2010,107,1.84,"WB","JXD"
12,"H3",24,1184,402,5,102,18.785046728972,2010,107,1.83,"MW","EAP"
12,"A4",25,670,403,5,102,18.8317757009346,2015,107,1.8657,"WB","EAP"
12,"B4",26,431,405,5,102,18.9252336448598,2025,107,1.5567,"WB","JAJ"
12,"C4",27,1345,407,5,102,19.018691588785,2035,107,1.87,"WB","EAP"
12,"D4",28,118,408,5,102,19.0654205607477,2040,107,1.8586,"WB","JAJ"
12,"E4",29,1257,409,5,102,19.1121495327103,2045,107,1.9,"WB","EAP"
12,"F4",30,1081,409,5,102,19.1121495327103,2045,107,1.8379,"WB","JXD"
12,"G4",31,1136,409,5,102,19.1121495327103,2045,107,1.85,"WB","EAP"
12,"H4",32,572,411,5,102,19.2056074766355,2055,107,1.87,"WB","JXD"
12,"A5",33,1023,412,5,102,19.2523364485981,2060,107,1.8094,"WB","JXD"
12,"B5",34,1925,413,5,102,19.2990654205607,2065,107,1.86,"WB","EAP"
12,"C5",35,878,414,5,102,19.3457943925234,2070,107,1.8489,"WB","JXD"
12,"D5",36,746,415,5,102,19.392523364486,2075,107,1.8705,"WB","JXD"
12,"E5",37,381,417,5,102,19.4859813084112,2085,107,1.2499,"WB","JAJ"
12,"F5",38,1132,419,5,102,19.5794392523364,2095,107,1.85,"WB","EAP"
12,"G5",39,1465,421,5,102,19.6728971962617,2105,107,1.85,"WB","EAP"
12,"H5",40,1324,422,5,102,19.7196261682243,2110,107,1.88,"WB","EAP"
12,"A6",41,1585,423,5,102,19.7663551401869,2115,107,1.87,"WB","EAP"
12,"B6",42,94,423,5,102,19.7663551401869,2115,107,1.7945,"WB","JAJ"
12,"C6",43,1715,423,5,102,19.7663551401869,2115,107,1.88,"WB","EAP"
12,"D6",44,992,424,5,102,19.8130841121495,2120,107,1.9,"WB","ALG"
12,"E6",45,1736,424,5,102,19.8130841121495,2120,107,1.86,"WB","EAP"
12,"F6",46,1808,425,5,102,19.8598130841122,2125,107,1.87,"WB","EAP"
12,"G6",47,1206,427,5,102,19.9532710280374,2135,107,1.89,"WB","EAP"
12,"H6",48,564,427,5,102,19.9532710280374,2135,107,1.6184,"WB","JXD"
12,"A7",49,1128,427,5,102,19.9532710280374,2135,107,1.84,"WB","EAP"
12,"B7",50,1755,428,5,102,20,2140,107,1.83,"WB","EAP"
12,"C7",51,1491,428,5,102,20,2140,107,1.89,"WB","EAP"
12,"D7",52,374,429,5,102,20.0467289719626,2145,107,1.6956,"MW","JAJ"
12,"E7",53,83,429,5,102,20.0467289719626,2145,107,1.87,"WB","JAJ"
12,"F7",54,1346,430,5,102,20.0934579439252,2150,107,1.88,"WB","EAP"
12,"G7",55,1121,430,5,102,20.0934579439252,2150,107,1.85,"WB","EAP"
12,"H7",56,1181,432,5,102,20.1869158878505,2160,107,1.86,"WB","EAP"
12,"A8",57,1228,432,5,102,20.1869158878505,2160,107,1.88,"WB","EAP"
12,"B8",58,55,432,5,102,20.1869158878505,2160,107,1.88,"WB","JXD"
12,"C8",59,783,433,5,102,20.2336448598131,2165,107,1.87,"WB","JXD"
12,"D8",60,1691,433,5,102,20.2336448598131,2165,107,1.89,"WB","EAP"
12,"E8",61,900,435,5,102,20.3271028037383,2175,107,1.9009,"WB","JXD"
12,"F8",62,633,436,5,102,20.3738317757009,2180,107,1.8682,"WB","JXD"
12,"G8",63,0,NA,5,102,NA,NA,107,NA,NA,NA
12,"H8",64,811,437,5,102,20.4205607476636,2185,107,1.8769,"WB","JXD"
12,"A9",65,1188,439,5,102,20.5140186915888,2195,107,1.88,"WB","EAP"
12,"B9",66,1744,439,5,102,20.5140186915888,2195,107,1.83,"WB","EAP"
12,"C9",67,791,441,5,102,20.607476635514,2205,107,1.8821,"WB","JXD"
12,"D9",68,1882,441,5,102,20.607476635514,2205,107,1.85,"WB","EAP"
12,"E9",69,1896,441,5,102,20.607476635514,2205,107,1.87,"WB","EAP"
12,"F9",70,1348,443,5,102,20.7009345794393,2215,107,1.87,"WB","EAP"
12,"G9",71,789,445,5,102,20.7943925233645,2225,107,1.8708,"WB","JXD"
12,"H9",72,341,447,5,102,20.8878504672897,2235,107,1.84,"WB","JAJ"
12,"A10",73,19,447,5,102,20.8878504672897,2235,107,1.8323,"WB","FJB"
12,"B10",74,4,447,5,102,20.8878504672897,2235,107,1.8604,"WB","JXD"
12,"C10",75,765,448,5,102,20.9345794392523,2240,107,1.8689,"WB","JXD"
12,"D10",76,1048,448,5,102,20.9345794392523,2240,107,1.8682,"WB","JXD"
12,"E10",77,1046,450,5,102,21.0280373831776,2250,107,1.8134,"WB","JXD"
12,"F10",78,1210,451,5,102,21.0747663551402,2255,107,1.87,"WB","EAP"
12,"G10",79,1415,452,5,102,21.1214953271028,2260,107,1.86,"WB","EAP"
12,"H10",80,1604,453,5,102,21.1682242990654,2265,107,1.86,"WB","EAP"
12,"A11",81,862,454,5,102,21.214953271028,2270,107,1.855,"WB","JXD"
12,"B11",82,58,454,5,102,21.214953271028,2270,107,1.87,"WB","JD"
12,"C11",83,31,455,5,102,21.2616822429907,2275,107,1.85,"WB","JXD"
12,"D11",84,659,455,5,102,21.2616822429907,2275,107,1.86,"WB","EAP"
12,"E11",85,98,455,5,102,21.2616822429907,2275,107,1.54,"WB","JAJ"
12,"F11",86,1242,455,5,102,21.2616822429907,2275,107,1.86,"WB","EAP"
12,"G11",87,1534,458,5,102,21.4018691588785,2290,107,1.86,"WB","EAP"
12,"H11",88,1686,459,5,102,21.4485981308411,2295,107,1.86,"WB","EAP"
12,"A12",89,1761,459,5,102,21.4485981308411,2295,107,1.86,"WB","EAP"
12,"B12",90,1807,460,5,102,21.4953271028037,2300,107,1.86,"WB","EAP"
12,"C12",91,1455,460,5,102,21.4953271028037,2300,107,1.77,"WB","EAP"
12,"D12",92,1030,460,5,102,21.4953271028037,2300,107,1.8645,"WB","JXD"
12,"E12",93,678,461,5,102,21.5420560747664,2305,107,1.86,"WB","EAP"
12,"F12",94,1186,462,5,102,21.588785046729,2310,107,1.88,"WB","EAP"
12,"G12",95,1049,462,5,102,21.588785046729,2310,107,1.8685,"WB","JXD"
12,"H12",96,1779,463,5,102,21.6355140186916,2315,107,1.81,"WB","EAP"
13,"A1",1,1891,464,5,128,17.4436090225564,2320,133,1.87,"WB","EAP"
13,"B1",2,1244,464,5,128,17.4436090225564,2320,133,1.85,"WB","EAP"
13,"C1",3,1342,469,5,128,17.6315789473684,2345,133,1.88,"WB","EAP"
13,"D1",4,122,470,5,128,17.6691729323308,2350,133,2.208,"WB","JAJ"
13,"E1",5,1822,470,5,128,17.6691729323308,2350,133,1.86,"WB","EAP"
13,"F1",6,1967,471,5,128,17.7067669172932,2355,133,1.88,"WB","EAP"
13,"G1",7,1114,471,5,128,17.7067669172932,2355,133,1.85,"WB","EAP"
13,"H1",8,1894,471,5,128,17.7067669172932,2355,133,1.88,"WB","EAP"
13,"A2",9,101,472,5,128,17.7443609022556,2360,133,1.86,"WB","JAJ"
13,"B2",10,592,476,5,128,17.8947368421053,2380,133,1.7714,"MW","EAP"
13,"C2",11,1005,476,5,128,17.8947368421053,2380,133,1.89,"WB","JXD"
13,"D2",12,1980,481,5,128,18.0827067669173,2405,133,1.88,"WB","EAP"
13,"E2",13,1457,483,5,128,18.1578947368421,2415,133,1.88,"WB","EAP"
13,"F2",14,1730,484,5,128,18.1954887218045,2420,133,1.89,"WB","EAP"
13,"G2",15,1078,485,5,128,18.2330827067669,2425,133,1.8363,"WB","JXD"
13,"H2",16,1731,486,5,128,18.2706766917293,2430,133,1.89,"WB","EAP"
13,"A3",17,1253,486,5,128,18.2706766917293,2430,133,1.9,"WB","EAP"
13,"B3",18,437,490,5,128,18.4210526315789,2450,133,1.5729,"WB","JAJ"
13,"C3",19,1256,493,5,128,18.5338345864662,2465,133,1.88,"WB","EAP"
13,"D3",20,1178,493,5,128,18.5338345864662,2465,133,1.86,"WB","EAP"
13,"E3",21,1248,494,5,128,18.5714285714286,2470,133,1.85,"WB","EAP"
13,"F3",22,0,NA,5,128,NA,NA,133,NA,NA,NA
13,"G3",23,1334,497,5,128,18.6842105263158,2485,133,1.87,"WB","EAP"
13,"H3",24,1211,497,5,128,18.6842105263158,2485,133,1.86,"WB","EAP"
13,"A4",25,216,498,5,128,18.7218045112782,2490,133,1.5638,"MW","JAJ"
13,"B4",26,1255,499,5,128,18.7593984962406,2495,133,1.89,"WB","EAP"
13,"C4",27,1964,500,5,128,18.796992481203,2500,133,1.88,"WB","EAP"
13,"D4",28,1620,502,5,128,18.8721804511278,2510,133,1.85,"WB","EAP"
13,"E4",29,1050,502,5,128,18.8721804511278,2510,133,1.86,"WB","JXD"
13,"F4",30,9,506,5,128,19.0225563909774,2530,133,1.86,"WB","FJB"
13,"G4",31,452,507,5,128,19.0601503759398,2535,133,1.9131,"WB","JAJ"
13,"H4",32,1284,508,5,128,19.0977443609023,2540,133,1.88,"WB","EAP"
13,"A5",33,1125,510,5,128,19.1729323308271,2550,133,1.85,"WB","EAP"
13,"B5",34,555,511,5,128,19.2105263157895,2555,133,1.86,"WB","EAP"
13,"C5",35,1664,514,5,128,19.3233082706767,2570,133,1.86,"WB","EAP"
13,"D5",36,65,515,5,128,19.3609022556391,2575,133,1.8472,"WB","JAJ"
13,"E5",37,1537,516,5,128,19.3984962406015,2580,133,1.87,"WB","EAP"
13,"F5",38,15,517,5,128,19.4360902255639,2585,133,1.86,"WB","FJB"
13,"G5",39,1958,517,5,128,19.4360902255639,2585,133,1.88,"WB","EAP"
13,"H5",40,1251,519,5,128,19.5112781954887,2595,133,1.9,"WB","EAP"
13,"A6",41,1341,523,5,128,19.6616541353383,2615,133,1.87,"WB","EAP"
13,"B6",42,1892,523,5,128,19.6616541353383,2615,133,1.86,"WB","EAP"
13,"C6",43,1902,524,5,128,19.6992481203008,2620,133,1.87,"WB","EAP"
13,"D6",44,192,525,5,128,19.7368421052632,2625,133,1.7317,"WB","JAJ"
13,"E6",45,1273,526,5,128,19.7744360902256,2630,133,1.89,"WB","EAP"
13,"F6",46,113,529,5,128,19.8872180451128,2645,133,1.86,"WB","JAJ"
13,"G6",47,1202,530,5,128,19.9248120300752,2650,133,1.86,"WB","EAP"
13,"H6",48,1288,531,5,128,19.9624060150376,2655,133,1.87,"WB","EAP"
13,"A7",49,929,531,5,128,19.9624060150376,2655,133,1.8992,"WB","JXD"
13,"B7",50,506,533,5,128,20.0375939849624,2665,133,1.5341,"WB","JAJ"
13,"C7",51,72,534,5,128,20.0751879699248,2670,133,1.86,"WB","JAJ"
13,"D7",52,1191,534,5,128,20.0751879699248,2670,133,1.84,"WB","EAP"
13,"E7",53,1561,539,5,128,20.2631578947368,2695,133,1.88,"WB","EAP"
13,"F7",54,370,539,5,128,20.2631578947368,2695,133,1.7741,"WB","JAJ"
13,"G7",55,1173,544,5,128,20.4511278195489,2720,133,1.6,"MW","EAP"
13,"H7",56,629,550,5,128,20.6766917293233,2750,133,1.87,"WB","JXD"
13,"A8",57,675,550,5,128,20.6766917293233,2750,133,1.88,"WB","EAP"
13,"B8",58,842,553,5,128,20.7894736842105,2765,133,1.88,"WB","JXD"
13,"C8",59,695,555,5,128,20.8646616541353,2775,133,1.85,"WB","EAP"
13,"D8",60,10,556,5,128,20.9022556390977,2780,133,1.85,"WB","FJB"
13,"E8",61,40,558,5,128,20.9774436090226,2790,133,1.87,"WB","JXD"
13,"F8",62,34,562,5,128,21.1278195488722,2810,133,1.7807,"WB","JXD"
13,"G8",63,1134,565,5,128,21.2406015037594,2825,133,1.85,"WB","EAP"
13,"H8",64,12,567,5,128,21.3157894736842,2835,133,1.882,"WB","FJB"
13,"A9",65,248,568,5,128,21.3533834586466,2840,133,1.8509,"WB","JAJ"
13,"B9",66,628,570,5,128,21.4285714285714,2850,133,1.87,"WB","JXD"
13,"C9",67,1067,571,5,128,21.4661654135338,2855,133,1.84,"WB","JXD"
13,"D9",68,1573,572,5,128,21.5037593984962,2860,133,1.85,"WB","EAP"
13,"E9",69,1801,572,5,128,21.5037593984962,2860,133,1.85,"WB","EAP"
13,"F9",70,117,573,5,128,21.5413533834586,2865,133,1.2116,"WB","JAJ"
13,"G9",71,855,573,5,128,21.5413533834586,2865,133,1.8778,"WB","JXD"
13,"H9",72,1101,573,5,128,21.5413533834586,2865,133,1.85,"WB","JXD"
13,"A10",73,61,574,5,128,21.5789473684211,2870,133,1.8276,"WB","JD"
13,"B10",74,1205,576,5,128,21.6541353383459,2880,133,1.87,"WB","EAP"
13,"C10",75,1608,576,5,128,21.6541353383459,2880,133,1.85,"WB","EAP"
13,"D10",76,644,578,5,128,21.7293233082707,2890,133,1.86,"WB","JXD"
13,"E10",77,24,590,5,128,22.1804511278195,2950,133,1.8145,"WB","JXD"
13,"F10",78,28,604,5,128,22.7067669172932,3020,133,1.809,"WB","JXD"
13,"G10",79,543,604,5,128,22.7067669172932,3020,133,1.9118,"WB","EAP"
13,"H10",80,624,614,5,128,23.0827067669173,3070,133,1.8877,"WB","JXD"
13,"A11",81,464,616,5,128,23.1578947368421,3080,133,1.6448,"WB","JAJ"
13,"B11",82,361,628,5,128,23.609022556391,3140,133,1.7821,"WB","JAJ"
13,"C11",83,1582,630,5,128,23.6842105263158,3150,133,1.88,"WB","EAP"
13,"D11",84,447,630,5,128,23.6842105263158,3150,133,1.1857,"WB","JAJ"
13,"E11",85,809,637,5,128,23.9473684210526,3185,133,1.87,"WB","JXD"
13,"F11",86,1572,637,5,128,23.9473684210526,3185,133,1.9,"WB","EAP"
13,"G11",87,22,639,5,128,24.0225563909774,3195,133,1.8096,"WB","JXD"
13,"H11",88,79,639,5,128,24.0225563909774,3195,133,1.85,"WB","JAJ"
13,"A12",89,1033,643,5,128,24.1729323308271,3215,133,1.8845,"WB","JXD"
13,"B12",90,261,644,5,128,24.2105263157895,3220,133,1.8816,"WB","JAJ"
13,"C12",91,1032,647,5,128,24.3233082706767,3235,133,1.8784,"WB","JXD"
13,"D12",92,1040,649,5,128,24.3984962406015,3245,133,1.8814,"WB","JXD"
13,"E12",93,593,652,5,128,24.5112781954887,3260,133,1.7328,"MW","EAP"
13,"F12",94,1738,653,5,128,24.5488721804511,3265,133,1.88,"WB","EAP"
13,"G12",95,1688,655,5,128,24.6240601503759,3275,133,1.92,"WB","EAP"
13,"H12",96,1354,656,5,128,24.6616541353383,3280,133,1.76,"WB","EAP"
14,"A1",1,937,659,5,201,15.995145631068,3295,206,1.88,"WB","JXD"
14,"B1",2,36,662,5,201,16.0679611650485,3310,206,1.8172,"WB","JXD"
14,"C1",3,854,663,5,201,16.0922330097087,3315,206,1.8819,"WB","JXD"
14,"D1",4,1090,664,5,201,16.1165048543689,3320,206,1.85,"WB","JXD"
14,"E1",5,784,666,5,201,16.1650485436893,3330,206,1.86,"WB","JXD"
14,"F1",6,7,666,5,201,16.1650485436893,3330,206,1.8383,"WB","FJB"
14,"G1",7,1387,667,5,201,16.1893203883495,3335,206,1.85,"WB","EAP"
14,"H1",8,632,671,5,201,16.2864077669903,3355,206,1.8911,"WB","JXD"
14,"A2",9,1238,672,5,201,16.3106796116505,3360,206,1.92,"WB","EAP"
14,"B2",10,1230,674,5,201,16.3592233009709,3370,206,1.55,"MW","EAP"
14,"C2",11,46,676,5,201,16.4077669902913,3380,206,1.7781,"WB","JXD"
14,"D2",12,250,679,5,201,16.4805825242718,3395,206,1.389,"MW","JAJ"
14,"E2",13,848,687,5,201,16.6747572815534,3435,206,1.8845,"WB","JXD"
14,"F2",14,475,688,5,201,16.6990291262136,3440,206,1.4019,"WB","JAJ"
14,"G2",15,27,691,5,201,16.7718446601942,3455,206,1.8264,"WB","JXD"
14,"H2",16,383,693,5,201,16.8203883495146,3465,206,1.2329,"WB","JAJ"
14,"A3",17,1235,696,5,201,16.8932038834951,3480,206,1.91,"WB","EAP"
14,"B3",18,315,696,5,201,16.8932038834951,3480,206,1.9223,"WB","JAJ"
14,"C3",19,195,702,5,201,17.0388349514563,3510,206,1.86,"WB","JAJ"
14,"D3",20,14,703,5,201,17.0631067961165,3515,206,1.88,"WB","FJB"
14,"E3",21,1389,706,5,201,17.1359223300971,3530,206,1.85,"WB","EAP"
14,"F3",22,626,722,5,201,17.5242718446602,3610,206,1.89,"WB","JXD"
14,"G3",23,493,724,5,201,17.5728155339806,3620,206,1.5477,"WB","JAJ"
14,"H3",24,1197,728,5,201,17.6699029126214,3640,206,1.88,"WB","EAP"
14,"A4",25,838,729,5,201,17.6941747572816,3645,206,1.87,"WB","JXD"
14,"B4",26,462,732,5,201,17.7669902912621,3660,206,1.6149,"WB","JAJ"
14,"C4",27,1200,733,5,201,17.7912621359223,3665,206,1.89,"WB","EAP"
14,"D4",28,57,734,5,201,17.8155339805825,3670,206,1.89,"WB","JXD"
14,"E4",29,646,734,5,201,17.8155339805825,3670,206,1.9,"WB","JXD"
14,"F4",30,604,739,5,201,17.9368932038835,3695,206,1.8902,"WB","JXD"
14,"G4",31,444,744,5,201,18.0582524271845,3720,206,1.89,"WB","JAJ"
14,"H4",32,795,744,5,201,18.0582524271845,3720,206,1.9035,"WB","JXD"
14,"A5",33,685,752,5,201,18.252427184466,3760,206,1.88,"WB","EAP"
14,"B5",34,1412,754,5,201,18.3009708737864,3770,206,1.85,"WB","EAP"
14,"C5",35,451,759,5,201,18.4223300970874,3795,206,1.6487,"WB","JAJ"
14,"D5",36,1135,785,5,201,19.0533980582524,3925,206,1.84,"WB","EAP"
14,"E5",37,574,812,5,201,19.7087378640777,4060,206,1.89,"WB","EAP"
14,"F5",38,1115,813,5,201,19.7330097087379,4065,206,1.87,"WB","EAP"
14,"G5",39,164,820,5,201,19.9029126213592,4100,206,1.86,"WB","JAJ"
14,"H5",40,509,823,5,201,19.9757281553398,4115,206,1.5817,"WB","JAJ"
14,"A6",41,1611,828,5,201,20.0970873786408,4140,206,1.89,"WB","EAP"
14,"B6",42,25,830,5,201,20.1456310679612,4150,206,1.84,"WB","JXD"
14,"C6",43,436,833,5,201,20.2184466019417,4165,206,1.5016,"WB","JAJ"
14,"D6",44,128,835,5,201,20.2669902912621,4175,206,1.88,"WB","JAJ"
14,"E6",45,1382,837,5,201,20.3155339805825,4185,206,1.85,"WB","EAP"
14,"F6",46,1355,837,5,201,20.3155339805825,4185,206,1.86,"WB","EAP"
14,"G6",47,1463,845,5,201,20.5097087378641,4225,206,1.9,"WB","EAP"
14,"H6",48,124,851,5,201,20.6553398058252,4255,206,1.7592,"WB","JAJ"
14,"A7",49,705,854,5,201,20.7281553398058,4270,206,1.8761,"WB","EAP"
14,"B7",50,449,862,5,201,20.9223300970874,4310,206,1.4657,"WB","JAJ"
14,"C7",51,1226,876,5,201,21.2621359223301,4380,206,1.86,"WB","EAP"
14,"D7",52,1782,876,5,201,21.2621359223301,4380,206,1.88,"WB","EAP"
14,"E7",53,0,NA,5,201,NA,NA,206,NA,NA,NA
14,"F7",54,174,885,5,201,21.4805825242718,4425,206,1.2453,"WB","JAJ"
14,"G7",55,1416,888,5,201,21.5533980582524,4440,206,1.85,"WB","EAP"
14,"H7",56,70,913,5,201,22.1601941747573,4565,206,1.86,"WB","JAJ"
14,"A8",57,477,954,5,201,23.1553398058252,4770,206,1.6061,"WB","JAJ"
14,"B8",58,1817,963,5,201,23.373786407767,4815,206,1.9,"WB","EAP"
14,"C8",59,363,986,5,201,23.9320388349515,4930,206,1.6559,"WB","JAJ"
14,"D8",60,1,1017,5,201,24.6844660194175,5085,206,1.89,"WB","JXD"
14,"E8",61,557,1022,5,201,24.8058252427184,5110,206,1.88,"WB","EAP"
14,"F8",62,1053,1031,5,201,25.0242718446602,5155,206,1.87,"WB","JXD"
14,"G8",63,490,1088,5,201,26.4077669902913,5440,206,1.9007,"WB","JAJ"
14,"H8",64,1564,1092,5,201,26.504854368932,5460,206,1.91,"WB","EAP"
14,"A9",65,136,1100,5,201,26.6990291262136,5500,206,1.6389,"WB","JAJ"
14,"B9",66,115,1120,5,201,27.1844660194175,5600,206,1.4971,"WB","JAJ"
14,"C9",67,1052,1130,5,201,27.4271844660194,5650,206,1.87,"WB","JXD"
14,"D9",68,702,1175,5,201,28.5194174757282,5875,206,1.9,"WB","EAP"
14,"E9",69,1950,1229,5,201,29.8300970873786,6145,206,1.89,"WB","EAP"
14,"F9",70,737,1295,5,201,31.4320388349515,6475,206,1.8853,"WB","JXD"
14,"G9",71,1390,1306,5,201,31.6990291262136,6530,206,1.86,"WB","EAP"
14,"H9",72,687,1308,5,201,31.747572815534,6540,206,1.8588,"WB","EAP"
14,"A10",73,908,1349,5,201,32.7427184466019,6745,206,1.8948,"WB","JXD"
14,"B10",74,488,1351,5,201,32.7912621359223,6755,206,1.6673,"WB","JAJ"
14,"C10",75,552,1360,5,201,33.0097087378641,6800,206,1.8107,"WB","EAP"
14,"D10",76,140,1442,5,201,35,7210,206,1.9108,"BUC","JAJ"
14,"E10",77,6,1621,5,201,39.3446601941748,8105,206,1.8196,"WB","FJB"
14,"F10",78,43,1829,5,201,44.3932038834951,9145,206,1.655,"WB","JXD"
14,"G10",79,688,2303,5,201,55.8980582524272,11515,206,1.8661,"WB","EAP"
14,"H10",80,818,2942,5,201,71.4077669902913,14710,206,1.83,"WB","JXD"
